name,address,city,state,zip_code,latitude,longitude,category,description,event_site_url,image_url,is_free,time_start,time_end,attending_count,interested_count,is_canceled,is_official
Museum Scavenger Hunt,281 Park Ave S,New York,NY,10010,40.7392209,-73.98672189999999,kids-family,Join us for a paw-some adventure at Fotografiska New York as Animal Planet's Puppy Bowl Referee Dan Schachner guides families through a scavenger hunt and...,https://www.yelp.com/events/new-york-museum-scavenger-hunt?adjust_creative=vaXd63wEr8RrzPKFIuH35Q&utm_campaign=yelp_api_v3&utm_medium=api_v3_event_search&utm_source=vaXd63wEr8RrzPKFIuH35Q,https://s3-media4.fl.yelpcdn.com/ephoto/q7rjH42CwozqD1x_1dT6xw/o.jpg,False,2024-09-15T14:00:00-04:00,,1,0,False,False
2024 International Conference on Computational Linguistics and Natural Language Processing (CLNLP 2024),80 Spring St,New York,NY,10012,40.7226811,-73.9982304,other,"2024 International Conference on Computational Linguistics and Natural Language Processing (CLNLP 2024)-- Ei Compendex & Scopus--Call for paper  
July...",https://www.yelp.com/events/new-york-2024-international-conference-on-computational-linguistics-and-natural-language-processing-clnlp-2024?adjust_creative=vaXd63wEr8RrzPKFIuH35Q&utm_campaign=yelp_api_v3&utm_medium=api_v3_event_search&utm_source=vaXd63wEr8RrzPKFIuH35Q,https://s3-media3.fl.yelpcdn.com/ephoto/SVj3wU5RajhhNNZM6dqIhA/o.jpg,False,2024-07-19T09:00:00-04:00,2024-07-21T18:00:00-04:00,1,0,False,False
2024 International Conference on Intelligent Vehicles (ICoIV 2024),108 E 4th St,New York,NY,10003,40.7255336,-73.9883517,other,"2024 International Conference on Intelligent Vehicles (ICoIV 2024)-- Ei Compendex & Scopus--Call for paper  
September 27 - 29, 2024｜Xi'an, China｜Website:...",https://www.yelp.com/events/new-york-2024-international-conference-on-intelligent-vehicles-icoiv-2024?adjust_creative=vaXd63wEr8RrzPKFIuH35Q&utm_campaign=yelp_api_v3&utm_medium=api_v3_event_search&utm_source=vaXd63wEr8RrzPKFIuH35Q,https://s3-media4.fl.yelpcdn.com/ephoto/JDLO4uTKShEvfjCCzu1qMw/o.jpg,True,2024-09-27T09:00:00-04:00,2024-09-29T18:30:00-04:00,1,0,False,False
RISK!,21 A Clinton St,New York,NY,10002,40.7207414,-73.984434,other,"RISK! is the show where people tell true stories they never thought they'd dare to share in public. Hosted by Kevin Allison (MTV's The State, Netflix,...",https://www.yelp.com/events/new-york-risk-5?adjust_creative=vaXd63wEr8RrzPKFIuH35Q&utm_campaign=yelp_api_v3&utm_medium=api_v3_event_search&utm_source=vaXd63wEr8RrzPKFIuH35Q,https://s3-media4.fl.yelpcdn.com/ephoto/GdIWRa1bUsA8K9JY78r5gw/o.jpg,False,2024-07-18T21:30:00-04:00,,1,0,False,False
panty raid comedy,21 A Clinton St,New York,NY,10002,40.7207414,-73.984434,performing-arts,"We're hosting the FIRST Panty Raid show of 2024!

Featuring....
Joey Dardano (The Stand)
Evan Lazarus (HBO Girls Rewatch Podcast)
Rebecca Weiser (Power Suit...",https://www.yelp.com/events/new-york-panty-raid-comedy-6?adjust_creative=vaXd63wEr8RrzPKFIuH35Q&utm_campaign=yelp_api_v3&utm_medium=api_v3_event_search&utm_source=vaXd63wEr8RrzPKFIuH35Q,https://s3-media3.fl.yelpcdn.com/ephoto/Rgfjfzqn6pJD3AInBXQxTA/o.jpg,False,2024-06-21T19:00:00-04:00,2024-06-21T21:00:00-04:00,1,0,False,False
doctors without boundaries,21 A Clinton St,New York,NY,10002,40.7207414,-73.984434,performing-arts,Real-life ER doctors Andres Mallipudi and co. welcome chronically over-sharing comedians to tell stories of their weirdest diagnoses. The doctors then do...,https://www.yelp.com/events/new-york-doctors-without-boundaries-6?adjust_creative=vaXd63wEr8RrzPKFIuH35Q&utm_campaign=yelp_api_v3&utm_medium=api_v3_event_search&utm_source=vaXd63wEr8RrzPKFIuH35Q,https://s3-media1.fl.yelpcdn.com/ephoto/SaDQMcMW_Tr0_IT8XaLfmg/o.jpg,False,2024-07-03T21:30:00-04:00,2024-07-03T23:00:00-04:00,1,0,False,False
4th of July New York Fireworks Party Cruise,299 South St,New York,NY,10002,40.7098278392299,-73.9853025502194,kids-family,"Go forth this July 4th and feel like royalty for Independence Day on board the Cornucopia Princess Yacht's 15000 square-foot observation decks. 

You'll be...",https://www.yelp.com/events/new-york-4th-of-july-new-york-fireworks-party-cruise?adjust_creative=vaXd63wEr8RrzPKFIuH35Q&utm_campaign=yelp_api_v3&utm_medium=api_v3_event_search&utm_source=vaXd63wEr8RrzPKFIuH35Q,https://s3-media4.fl.yelpcdn.com/ephoto/WstKneEitjWp2dyqLKWwFA/o.jpg,False,2024-07-04T18:00:00-04:00,2024-07-04T23:00:00-04:00,1,0,False,False
July 4th NYC Fireworks Party Cruise,299 South St,New York,NY,10002,40.7098278392299,-73.9853025502194,kids-family,Celebrate Independence Day and party with us on the Cornucopia Majesty this year and set sail on our July 4th Fireworks Watch Party Cruise! Sail with your...,https://www.yelp.com/events/new-york-july-4th-nyc-fireworks-party-cruise?adjust_creative=vaXd63wEr8RrzPKFIuH35Q&utm_campaign=yelp_api_v3&utm_medium=api_v3_event_search&utm_source=vaXd63wEr8RrzPKFIuH35Q,https://s3-media3.fl.yelpcdn.com/ephoto/QyqD-NVVEEjHPoa9s_Dosg/o.jpg,False,2024-07-04T18:00:00-04:00,2024-07-04T23:00:00-04:00,1,0,False,False
54th Global Conference on Business Management and Economics (GCBME),"31 W 34th ST | 7th & 8th floors,",New York,NY,10120,40.7496363,-73.9868205,other,"The primary aim of the Global Conference on Business Management and Economics (GCBME) is to facilitate the gathering of experts from diverse fields,...",https://www.yelp.com/events/new-york-54th-global-conference-on-business-management-and-economics-gcbme?adjust_creative=vaXd63wEr8RrzPKFIuH35Q&utm_campaign=yelp_api_v3&utm_medium=api_v3_event_search&utm_source=vaXd63wEr8RrzPKFIuH35Q,https://s3-media3.fl.yelpcdn.com/ephoto/_DTarOW3uh5KWFNF7s7oTQ/o.jpg,False,2024-06-07T10:00:00-04:00,2024-06-09T17:00:00-04:00,1,0,False,False
15th Global Conference on Human Resource Management (GCHRM),"31 W 34th ST | 7th & 8th floors,",New York,NY,10120,40.7496363,-73.9868205,other,The primary aim of the Global Conference on Human Resource Management (GCHRM) is to establish a platform for professionals and experts across diverse...,https://www.yelp.com/events/new-york-15th-global-conference-on-human-resource-management-gchrm?adjust_creative=vaXd63wEr8RrzPKFIuH35Q&utm_campaign=yelp_api_v3&utm_medium=api_v3_event_search&utm_source=vaXd63wEr8RrzPKFIuH35Q,https://s3-media1.fl.yelpcdn.com/ephoto/RiUCAhvAY2QP-CY54S2sng/o.jpg,False,2024-06-07T10:00:00-04:00,2024-06-09T17:00:00-04:00,1,0,False,False
34th Global Conference on Digital Marketing and Technology (GCDMT),"31 W 34th ST | 7th & 8th floors,",New York,NY,10120,40.7496363,-73.9868205,other,The Global Conference on Digital Marketing and Technology (GCDMT) is an esteemed event hosted by the Global Conference Alliance Inc. Its purpose is to...,https://www.yelp.com/events/new-york-34th-global-conference-on-digital-marketing-and-technology-gcdmt?adjust_creative=vaXd63wEr8RrzPKFIuH35Q&utm_campaign=yelp_api_v3&utm_medium=api_v3_event_search&utm_source=vaXd63wEr8RrzPKFIuH35Q,https://s3-media2.fl.yelpcdn.com/ephoto/BpPIBkssD8_gVWy1g5Im6A/o.jpg,False,2024-06-07T10:00:00-04:00,2024-06-09T17:00:00-04:00,1,0,False,False
9th Global Conference on Accounting and Financial Management (GCAFM),"31 W 34th ST | 7th & 8th floors,",New York,NY,10120,40.7496363,-73.9868205,other,The Global Conference Alliance Inc. extends a warm invitation to its prestigious Accounting and Financial Management Conference. This premier event is...,https://www.yelp.com/events/new-york-9th-global-conference-on-accounting-and-financial-management-gcafm?adjust_creative=vaXd63wEr8RrzPKFIuH35Q&utm_campaign=yelp_api_v3&utm_medium=api_v3_event_search&utm_source=vaXd63wEr8RrzPKFIuH35Q,https://s3-media1.fl.yelpcdn.com/ephoto/7fAg-p9TN_lhFDxjru3_kg/o.jpg,False,2024-06-07T10:00:00-04:00,2024-06-09T17:00:00-04:00,1,0,False,False
12th Global Conference on Supply Chain Management (GCSCM),"31 W 34th ST | 7th & 8th floors,",New York,NY,10120,40.7496363,-73.9868205,other,"Global Conference Alliance Inc. is dedicated to hosting a prestigious, knowledge-driven platform for professionals and thought leaders worldwide in the...",https://www.yelp.com/events/new-york-12th-global-conference-on-supply-chain-management-gcscm?adjust_creative=vaXd63wEr8RrzPKFIuH35Q&utm_campaign=yelp_api_v3&utm_medium=api_v3_event_search&utm_source=vaXd63wEr8RrzPKFIuH35Q,https://s3-media3.fl.yelpcdn.com/ephoto/hCS7xOH_N3JCVmOHHkfYuA/o.jpg,False,2024-06-07T10:00:00-04:00,2024-06-09T17:00:00-04:00,1,0,False,False
7th Global Conference on African Business and Technology (GCABT),"31 W 34th ST | 7th & 8th floors,",New York,NY,10120,40.7496363,-73.9868205,other,"The primary aim of the African Business and Technology Conference, organized by Global Conference Alliance Inc., is to establish a collaborative platform...",https://www.yelp.com/events/new-york-7th-global-conference-on-african-business-and-technology-gcabt?adjust_creative=vaXd63wEr8RrzPKFIuH35Q&utm_campaign=yelp_api_v3&utm_medium=api_v3_event_search&utm_source=vaXd63wEr8RrzPKFIuH35Q,https://s3-media2.fl.yelpcdn.com/ephoto/FKALzDDyZlkaX7pmasRdAA/o.jpg,False,2024-06-07T10:00:00-04:00,2024-06-09T17:00:00-04:00,1,0,False,False
4th Global Conference on Information Technology and Computer Science (GCITCS),"31 W 34th ST | 7th & 8th floors,",New York,NY,10120,40.7496363,-73.9868205,other,The Global Conference on Information Technology and Computer Science (GCITCS) endeavors to create an atmosphere conducive to the exchange of insights and...,https://www.yelp.com/events/new-york-4th-global-conference-on-information-technology-and-computer-science-gcitcs?adjust_creative=vaXd63wEr8RrzPKFIuH35Q&utm_campaign=yelp_api_v3&utm_medium=api_v3_event_search&utm_source=vaXd63wEr8RrzPKFIuH35Q,https://s3-media2.fl.yelpcdn.com/ephoto/MLNrOYKQablKtv5FSDySbg/o.jpg,False,2024-06-07T10:00:00-04:00,2024-06-09T17:00:00-04:00,1,0,False,False
4th of July Family Friendly Fireworks Cruise,299 South St,New York,NY,10002,40.7098278392299,-73.9853025502194,kids-family,"Experience up-close views of the world-famous July 4th NYC fireworks show on our exclusive party boat. Aboard the Liberty Belle, enjoy cocktails at our...",https://www.yelp.com/events/new-york-4th-of-july-family-friendly-fireworks-cruise?adjust_creative=vaXd63wEr8RrzPKFIuH35Q&utm_campaign=yelp_api_v3&utm_medium=api_v3_event_search&utm_source=vaXd63wEr8RrzPKFIuH35Q,https://s3-media3.fl.yelpcdn.com/ephoto/PDxtGsIUoLSOfYvFqcUHoQ/o.jpg,False,2024-07-04T18:30:00-04:00,2024-07-04T22:30:00-04:00,1,0,False,False
Brooklyn Pride LGBTQIA+ 5K Run/Walk,Bartel-Pritchard Lot,Brooklyn,NY,11215,40.6609484,-73.9798989,charities,"June 8, 2024
10AM Start Rain or Shine
Prospect Park, NY

What better way to start off your Brooklyn Pride Saturday than with a morning 5K (3.1 mile)...",https://www.yelp.com/events/brooklyn-brooklyn-pride-lgbtqia-5k-run-walk-2?adjust_creative=vaXd63wEr8RrzPKFIuH35Q&utm_campaign=yelp_api_v3&utm_medium=api_v3_event_search&utm_source=vaXd63wEr8RrzPKFIuH35Q,https://s3-media2.fl.yelpcdn.com/ephoto/2iaQcbB9UAf1xmU2ld685A/o.jpg,False,2024-06-08T10:00:00-04:00,2024-06-08T12:00:00-04:00,1,0,False,False
Urban Athletics Brooklyn 5K  & Prospect Park Mile,95 Prospect Park W,Brooklyn,NY,11215,40.66693998707908,-73.97375699999999,sports-active-life,"june 9, 2024
rain or shine
prospect park, brooklyn

8:30am 1 mile start just north of pritchard square
9:30am 5k start at the peristyle

all participants in...",https://www.yelp.com/events/brooklyn-urban-athletics-brooklyn-5k-and-prospect-park-mile?adjust_creative=vaXd63wEr8RrzPKFIuH35Q&utm_campaign=yelp_api_v3&utm_medium=api_v3_event_search&utm_source=vaXd63wEr8RrzPKFIuH35Q,https://s3-media3.fl.yelpcdn.com/ephoto/N5L-UI3KqXuJ3-yTEOz-BA/o.jpg,False,2024-06-09T08:30:00-04:00,2024-06-09T12:00:00-04:00,1,0,False,False
Serenity NYC Yacht Fourth of July Cruise,78 South St,New York,NY,10038,40.7047376,-74.00341150000001,nightlife,Welcome the Fourth of July 2024 cruising alongside the New York City skyline from the blissful Serenity Yacht. This top-tier vessel has everything you need...,https://www.yelp.com/events/new-york-serenity-nyc-yacht-fourth-of-july-cruise?adjust_creative=vaXd63wEr8RrzPKFIuH35Q&utm_campaign=yelp_api_v3&utm_medium=api_v3_event_search&utm_source=vaXd63wEr8RrzPKFIuH35Q,https://s3-media1.fl.yelpcdn.com/ephoto/NwXo9sToEUe7biKKV_hcKw/o.jpg,False,2024-07-04T18:30:00-04:00,2024-07-04T22:30:00-04:00,1,0,False,False
4th of July NYC Fireworks Party Cruise,78 South St,New York,NY,10038,40.7047376,-74.00341150000001,nightlife,"America's most iconic Independence Day celebration is back for the biggest show yet!

Get on board the Infinity Yacht Cruise and dance the night away under...",https://www.yelp.com/events/new-york-4th-of-july-nyc-fireworks-party-cruise?adjust_creative=vaXd63wEr8RrzPKFIuH35Q&utm_campaign=yelp_api_v3&utm_medium=api_v3_event_search&utm_source=vaXd63wEr8RrzPKFIuH35Q,https://s3-media2.fl.yelpcdn.com/ephoto/aBSxF-zv4PoBL1EloFvPnQ/o.jpg,False,2024-07-04T18:30:00-04:00,2024-07-04T22:30:00-04:00,1,0,False,False
"Chelsea Music Festival announces 15th Season ""Connecting the Dots""",25 11Th Ave,New York,NY,10011,40.7429434,-74.0091131,music,"Chelsea Music Festival celebrates its 15th season with nine evenings of concerts, conversation, and tastings with musicians, visual artists, chefs from June...",https://www.yelp.com/events/new-york-chelsea-music-festival-announces-15th-season-connecting-the-dots?adjust_creative=vaXd63wEr8RrzPKFIuH35Q&utm_campaign=yelp_api_v3&utm_medium=api_v3_event_search&utm_source=vaXd63wEr8RrzPKFIuH35Q,https://s3-media4.fl.yelpcdn.com/ephoto/q2UTlD8L_SEOr3jzgSotsQ/o.jpg,False,2024-06-21T19:00:00-04:00,2024-06-29T22:00:00-04:00,1,0,False,False
Be Our Guest: 90s/00s Disney Throwback Night,17 Irving Pl,New York,NY,10003,40.7349063,-73.9883801,nightlife,"Experience nostalgic Disney magic at ""Be Our Guest"": A touring DJ dance party for adults featuring 90s/2000s classics like Lion King and Hannah Montana....",https://www.yelp.com/events/new-york-be-our-guest-90s-00s-disney-throwback-night-2?adjust_creative=vaXd63wEr8RrzPKFIuH35Q&utm_campaign=yelp_api_v3&utm_medium=api_v3_event_search&utm_source=vaXd63wEr8RrzPKFIuH35Q,https://s3-media3.fl.yelpcdn.com/ephoto/qM1Vn_rkJM5t9a6g5p-BMQ/o.jpg,False,2024-07-13T19:00:00-04:00,2024-07-13T23:00:00-04:00,1,0,False,False
WHITE WAVE Dance Presents The 2024 DUMBO DANCE FESTIVAL,3 Lafayette Ave,Brooklyn,NY,11217,40.6869309613354,-73.9788752993549,performing-arts,"On Thursday, June 27, WHITE WAVE Dance celebrates the 23 Anniversary season of the DUMBO Dance Festival (DDF) with a GALA Opening that heralds the most...",https://www.yelp.com/events/brooklyn-white-wave-dance-presents-the-2024-dumbo-dance-festival?adjust_creative=vaXd63wEr8RrzPKFIuH35Q&utm_campaign=yelp_api_v3&utm_medium=api_v3_event_search&utm_source=vaXd63wEr8RrzPKFIuH35Q,https://s3-media3.fl.yelpcdn.com/ephoto/7cTPvcBzhi9V7g8RwTxTew/o.jpg,False,2024-06-27T18:30:00-04:00,2024-06-30T22:00:00-04:00,1,0,False,False
Hartford Bonanza - 2024,P.O.Box 230778,New York,NY,,40.7127753,-74.0059728,other,"Hartford Bonanza July 6, 2024Hartford's 4th Annual Independence Day Tradition",https://www.yelp.com/events/new-york-hartford-bonanza-2024?adjust_creative=vaXd63wEr8RrzPKFIuH35Q&utm_campaign=yelp_api_v3&utm_medium=api_v3_event_search&utm_source=vaXd63wEr8RrzPKFIuH35Q,https://s3-media2.fl.yelpcdn.com/ephoto/az1AbTxltqvcktCzc1gIww/o.jpg,True,2024-07-06T14:00:00-04:00,2024-07-06T22:00:00-04:00,1,0,False,False
THAT 70'S RACE 5K & 10M,Park Side Ave & Parade Pl,Brooklyn,NY,11218,40.6532179,-73.96623459999999,charities,"THAT 70'S RACE 5K & 10M
NYC PARKS SUMMER RACE SERIES #2
PROSPECT PARK, BROOKLYN

 LET'S GET GROOVY 

Good Vibes Only at the 2nd in the NYC Parks Summer Race...",https://www.yelp.com/events/brooklyn-that-70s-race-5k-and-10m-2?adjust_creative=vaXd63wEr8RrzPKFIuH35Q&utm_campaign=yelp_api_v3&utm_medium=api_v3_event_search&utm_source=vaXd63wEr8RrzPKFIuH35Q,https://s3-media2.fl.yelpcdn.com/ephoto/Y3YzUWVqYl8yw9vExYwDLg/o.jpg,False,2024-07-07T09:00:00-04:00,2024-07-07T12:00:00-04:00,1,0,False,False
Queer the Ballet in partnership Baruch Performing Arts Center presents Dream of a Common Language,55 Lexington Ave,New York,NY,10010,40.7402384,-73.9835124,performing-arts,"Queer the Ballet presents the world premiere of Dream of a Common Language from Friday, June 21 to Sunday, June 23, 2024, with performances at 7:30pm on...",https://www.yelp.com/events/new-york-queer-the-ballet-in-partnership-baruch-performing-arts-center-presents-dream-of-a-common-language?adjust_creative=vaXd63wEr8RrzPKFIuH35Q&utm_campaign=yelp_api_v3&utm_medium=api_v3_event_search&utm_source=vaXd63wEr8RrzPKFIuH35Q,https://s3-media1.fl.yelpcdn.com/ephoto/kP8AKhdDgNsh5J8_j6AphA/o.jpg,False,2024-06-21T19:30:00-04:00,2024-06-23T21:00:00-04:00,1,0,False,False
Free Historic Walking Tour Through the Flatiron NoMad District,175 5th Ave,New York,NY,10010,40.7409678038651,-73.9896588864705,other,"Join a free historic walking tour of the Flatiron NoMad district, led by professional guides this Sunday at 11 a.m. Learn more about the world-famous...",https://www.yelp.com/events/new-york-free-historic-walking-tour-through-the-flatiron-nomad-district-49?adjust_creative=vaXd63wEr8RrzPKFIuH35Q&utm_campaign=yelp_api_v3&utm_medium=api_v3_event_search&utm_source=vaXd63wEr8RrzPKFIuH35Q,https://s3-media1.fl.yelpcdn.com/ephoto/D0ffQ2s0cfe3xY1HDagzeA/o.jpg,True,2024-06-09T11:00:00-04:00,,1,1,False,False
Free Historic Walking Tour Through the Flatiron NoMad District,175 5th Ave,New York,NY,10010,40.7409678038651,-73.9896588864705,other,"Join a free historic walking tour of the Flatiron NoMad district, led by professional guides this Sunday at 11 a.m. Learn more about the world-famous...",https://www.yelp.com/events/new-york-free-historic-walking-tour-through-the-flatiron-nomad-district-50?adjust_creative=vaXd63wEr8RrzPKFIuH35Q&utm_campaign=yelp_api_v3&utm_medium=api_v3_event_search&utm_source=vaXd63wEr8RrzPKFIuH35Q,https://s3-media4.fl.yelpcdn.com/ephoto/xt0Hst1YD9ELoqx7Z0lmlA/o.jpg,True,2024-06-16T11:00:00-04:00,,1,0,False,False
Free Historic Walking Tour Through the Flatiron NoMad District,175 5th Ave,New York,NY,10010,40.7409678038651,-73.9896588864705,other,"Join a free historic walking tour of the Flatiron NoMad district, led by professional guides this Sunday at 11 a.m. Learn more about the world-famous...",https://www.yelp.com/events/new-york-free-historic-walking-tour-through-the-flatiron-nomad-district-51?adjust_creative=vaXd63wEr8RrzPKFIuH35Q&utm_campaign=yelp_api_v3&utm_medium=api_v3_event_search&utm_source=vaXd63wEr8RrzPKFIuH35Q,https://s3-media3.fl.yelpcdn.com/ephoto/VgjzS2VvpXNTUJwI9QI3Cg/o.jpg,True,2024-06-23T11:00:00-04:00,,1,0,False,False
Free Historic Walking Tour Through the Flatiron NoMad District,175 5th Ave,New York,NY,10010,40.7409678038651,-73.9896588864705,other,"Join a free historic walking tour of the Flatiron NoMad district, led by professional guides this Sunday at 11 a.m. Learn more about the world-famous...",https://www.yelp.com/events/new-york-free-historic-walking-tour-through-the-flatiron-nomad-district-52?adjust_creative=vaXd63wEr8RrzPKFIuH35Q&utm_campaign=yelp_api_v3&utm_medium=api_v3_event_search&utm_source=vaXd63wEr8RrzPKFIuH35Q,https://s3-media1.fl.yelpcdn.com/ephoto/QtAtoQ1fGezDeVhfZ7TkfQ/o.jpg,True,2024-06-30T11:00:00-04:00,,1,0,False,False
The Buoniconti Fund to Cure Paralysis presents: The 19th Annual Poker4life Charity Poker Tournament,"54 W 21st St, New York City",New York,NY,10010,40.74118170000001,-73.99319539999999,charities,The Poker4Life Charity Poker Championship has attracted thousands of poker players and philanthropists over the last 18 years. We continue to raise money...,https://www.yelp.com/events/new-york-the-buoniconti-fund-to-cure-paralysis-presents-the-19th-annual-poker4life-charity-poker-tournament?adjust_creative=vaXd63wEr8RrzPKFIuH35Q&utm_campaign=yelp_api_v3&utm_medium=api_v3_event_search&utm_source=vaXd63wEr8RrzPKFIuH35Q,https://s3-media4.fl.yelpcdn.com/ephoto/9qN5rUY9T1bu4w-SdKo_OQ/o.jpg,False,2024-06-13T18:00:00-04:00,,1,0,False,False
2 square,21 A Clinton St,New York,NY,10002,40.7207414,-73.984434,performing-arts,"Peter Grosz (Veep, The Menu, Late Night w Seth Meyers) and John Lutz (30 Rock, SNL, Late Night With Seth Meyers) have been improvising together for over 20...",https://www.yelp.com/events/new-york-2-square-7?adjust_creative=vaXd63wEr8RrzPKFIuH35Q&utm_campaign=yelp_api_v3&utm_medium=api_v3_event_search&utm_source=vaXd63wEr8RrzPKFIuH35Q,https://s3-media1.fl.yelpcdn.com/ephoto/UyF0NmjIZv65RG89nka3Zg/o.jpg,False,2024-06-11T19:00:00-04:00,2024-06-11T20:00:00-04:00,1,0,False,False
Taylor's Version Aboard The Liberty Belle,299 South St,New York,NY,10002,40.7098278392299,-73.9853025502194,music,"Where are our Tortured Swifties? Looks like its time to break out that blue dress on a boat...

This summer, Taylor's Version is setting sail around the NY...",https://www.yelp.com/events/new-york-taylors-version-aboard-the-liberty-belle?adjust_creative=vaXd63wEr8RrzPKFIuH35Q&utm_campaign=yelp_api_v3&utm_medium=api_v3_event_search&utm_source=vaXd63wEr8RrzPKFIuH35Q,,False,2024-06-14T23:00:00-04:00,,1,0,False,False
Emo Night Brooklyn Aboard The Liberty Belle,299 South St,New York,NY,10002,40.7098278392299,-73.9853025502194,music,"Get ready to rage and mosh with us--ON A BOAT! Friday, 7/12 we are taking the Liberty Belle out for a spin for an Emo Night Brooklyn like never before! Our...",https://www.yelp.com/events/new-york-emo-night-brooklyn-aboard-the-liberty-belle?adjust_creative=vaXd63wEr8RrzPKFIuH35Q&utm_campaign=yelp_api_v3&utm_medium=api_v3_event_search&utm_source=vaXd63wEr8RrzPKFIuH35Q,https://s3-media2.fl.yelpcdn.com/ephoto/Qu3q0r-C4vC6yfVcetptLg/o.jpg,False,2024-07-12T23:00:00-04:00,,1,0,False,False
Dance/NYC Announces 4th Iteration of Dance Advancement Fund Submissions of Expressions of Interest Open through June 18,"218 E 18th St, New York, NY 10003",New York,NY,10003,40.735218,-73.9844951,performing-arts,Dance/NYC is pleased to announce the fourth iteration of the Dance Advancement Fund made possible by the generous support of the Howard Gilman...,https://www.yelp.com/events/new-york-dance-nyc-announces-4th-iteration-of-dance-advancement-fund-submissions-of-expressions-of-interest-open-through-june-18?adjust_creative=vaXd63wEr8RrzPKFIuH35Q&utm_campaign=yelp_api_v3&utm_medium=api_v3_event_search&utm_source=vaXd63wEr8RrzPKFIuH35Q,https://s3-media3.fl.yelpcdn.com/ephoto/Ks_arBoAR5F0nRdc3JFn9Q/o.jpg,False,2024-06-18T12:00:00-04:00,,1,0,False,False
"Lake Tahoe Dance Collective Presents The 12th Annual Lake Tahoe Dance Festival July 23 - 26, 2024",218 E 18Th St,New York,NY,10003,40.7352363,-73.98449719999999,performing-arts,"Lake Tahoe Dance Collective celebrates the 12th Anniversary of its summer festival from July 23 - 26, 2024. The 12th Annual Lake Tahoe Dance Festival kicks...",https://www.yelp.com/events/new-york-lake-tahoe-dance-collective-presents-the-12th-annual-lake-tahoe-dance-festival-july-23-26-2024?adjust_creative=vaXd63wEr8RrzPKFIuH35Q&utm_campaign=yelp_api_v3&utm_medium=api_v3_event_search&utm_source=vaXd63wEr8RrzPKFIuH35Q,https://s3-media2.fl.yelpcdn.com/ephoto/M3LDmgaO351FoN9SHh49pQ/o.jpg,False,2024-07-23T17:30:00-04:00,2024-07-26T21:00:00-04:00,1,0,False,False
Chelsea Music Festival announces 2024 Composer-in-Residence Ania Vu,"40a 10th Ave New York, NY 10014",New York,NY,10014,40.74148599999999,-74.008156,music,"Chelsea Music Festival is thrilled to announce its 2024 Composer-in-Residence Ania Vu. The Chelsea Music Festival, ""Connecting the Dots,"" will weave...",https://www.yelp.com/events/new-york-chelsea-music-festival-announces-2024-composer-in-residence-ania-vu?adjust_creative=vaXd63wEr8RrzPKFIuH35Q&utm_campaign=yelp_api_v3&utm_medium=api_v3_event_search&utm_source=vaXd63wEr8RrzPKFIuH35Q,https://s3-media2.fl.yelpcdn.com/ephoto/EnNbp6B1gI7H2_BRtPeybQ/o.jpg,False,2024-06-21T19:00:00-04:00,2024-06-28T21:00:00-04:00,1,0,False,False
Composer ELLIOTT SHARP's opera DIE GRÖSSTE FUGE (The Greatest Fugue),509 Atlantic Ave,Brooklyn,NY,11217,40.6856169,-73.9807735,music,"Beethoven becomes unmoored from reality
and visits our time, witnessing its beauties and horrors--
inspiring him to compose his final work: Die Grösse...",https://www.yelp.com/events/brooklyn-composer-elliott-sharps-opera-die-gr%C3%B6sste-fuge-the-greatest-fugue?adjust_creative=vaXd63wEr8RrzPKFIuH35Q&utm_campaign=yelp_api_v3&utm_medium=api_v3_event_search&utm_source=vaXd63wEr8RrzPKFIuH35Q,https://s3-media2.fl.yelpcdn.com/ephoto/NZgC4FA977feQfwSqZySXw/o.jpg,False,2024-06-13T20:00:00-04:00,,1,0,False,False
NYC Cruise Aboard The Nautical Empress,299 South St,New York,NY,10002,40.7098278392299,-73.9853025502194,nightlife,"This family-friendly Fourth of July 2024 event comes with something for everyone, whether that's the hors d'oeuvres and delicious buffet or the premium open...",https://www.yelp.com/events/new-york-nyc-cruise-aboard-the-nautical-empress?adjust_creative=vaXd63wEr8RrzPKFIuH35Q&utm_campaign=yelp_api_v3&utm_medium=api_v3_event_search&utm_source=vaXd63wEr8RrzPKFIuH35Q,https://s3-media1.fl.yelpcdn.com/ephoto/bK_WRLKfDth5oK23avfboQ/o.jpg,False,2024-07-04T18:00:00-04:00,2024-07-04T23:00:00-04:00,1,0,False,False
Premier Fourth of July NYC Fireworks Cruise Aboard the Cloud 9,2430 Fdr Dr E Service Rd,New York,NY,10016,40.735297,-73.973878,nightlife,"For tickets or more information about the Premier Fourth of July NYC Fireworks Cruise Aboard the Cloud 9 Yacht , visit us at July4th.com

4 Hour Premium...",https://www.yelp.com/events/new-york-premier-fourth-of-july-nyc-fireworks-cruise-aboard-the-cloud-9?adjust_creative=vaXd63wEr8RrzPKFIuH35Q&utm_campaign=yelp_api_v3&utm_medium=api_v3_event_search&utm_source=vaXd63wEr8RrzPKFIuH35Q,https://s3-media1.fl.yelpcdn.com/ephoto/0l6HuYLWnqrugryKWyXveQ/o.jpg,False,2024-07-04T18:00:00-04:00,2024-07-04T23:00:00-04:00,1,0,False,False
Through the Bramble,"530 West 25th Street, Chelsea",New York,NY,10001,40.7493621,-74.0047021,visual-arts,"Agora Gallery is pleased to announce Through the Bramble, an exhibition of paintings and sculptures considering how space, size, and scale influence the...",https://www.yelp.com/events/new-york-through-the-bramble?adjust_creative=vaXd63wEr8RrzPKFIuH35Q&utm_campaign=yelp_api_v3&utm_medium=api_v3_event_search&utm_source=vaXd63wEr8RrzPKFIuH35Q,https://s3-media3.fl.yelpcdn.com/ephoto/4X2XbNUDZn2zAkqbOrOKvA/o.jpg,True,2024-06-06T11:00:00-04:00,2024-06-26T18:00:00-04:00,1,0,False,False
Live at the Archway: LA BANDA CHUSKA,155 Water St,Brooklyn,NY,11201,40.7033112,-73.9878342,music,"The DUMBO Improvement District presents its annual Live at the Archway series beneath the iconic setting of the Manhattan Bridge Archway. On June 20, La...",https://www.yelp.com/events/brooklyn-live-at-the-archway-la-banda-chuska?adjust_creative=vaXd63wEr8RrzPKFIuH35Q&utm_campaign=yelp_api_v3&utm_medium=api_v3_event_search&utm_source=vaXd63wEr8RrzPKFIuH35Q,https://s3-media1.fl.yelpcdn.com/ephoto/rUfjxV8rnS1DcMMyczxuNg/o.jpg,True,2024-06-20T18:00:00-04:00,,1,0,False,False
Live at the Archway: PAISLEY FIELDS,155 Water St,Brooklyn,NY,11201,40.7033112,-73.9878342,music,"The DUMBO Improvement District presents its annual Live at the Archway series beneath the iconic setting of the Manhattan Bridge Archway. On June 27,...",https://www.yelp.com/events/brooklyn-live-at-the-archway-paisley-fields?adjust_creative=vaXd63wEr8RrzPKFIuH35Q&utm_campaign=yelp_api_v3&utm_medium=api_v3_event_search&utm_source=vaXd63wEr8RrzPKFIuH35Q,https://s3-media1.fl.yelpcdn.com/ephoto/q8Y0NEidcLYnnder11dGrw/o.jpg,True,2024-06-27T18:00:00-04:00,,1,0,False,False
Live at the Archway: Concert presented in collaboration with Brasil Summerfest,155 Water St,Brooklyn,NY,11201,40.7033112,-73.9878342,music,"The DUMBO Improvement District presents its annual Live at the Archway series beneath the iconic setting of the Manhattan Bridge Archway. On July 11, Brasil...",https://www.yelp.com/events/brooklyn-live-at-the-archway-concert-presented-in-collaboration-with-brasil-summerfest?adjust_creative=vaXd63wEr8RrzPKFIuH35Q&utm_campaign=yelp_api_v3&utm_medium=api_v3_event_search&utm_source=vaXd63wEr8RrzPKFIuH35Q,https://s3-media2.fl.yelpcdn.com/ephoto/2RJ1z-vNFnmeuWjkN3u3bg/o.jpg,True,2024-07-11T18:00:00-04:00,,1,0,False,False
Live at the Archway: La Sonóra Nuyorkina,155 Water St,Brooklyn,NY,11201,40.7033112,-73.9878342,music,"The DUMBO Improvement District presents its annual Live at the Archway series beneath the iconic setting of the Manhattan Bridge Archway. On July 18, La...",https://www.yelp.com/events/brooklyn-live-at-the-archway-la-son%C3%B3ra-nuyorkina?adjust_creative=vaXd63wEr8RrzPKFIuH35Q&utm_campaign=yelp_api_v3&utm_medium=api_v3_event_search&utm_source=vaXd63wEr8RrzPKFIuH35Q,https://s3-media2.fl.yelpcdn.com/ephoto/-6RKk3sSh-PWB8VBfy4KnQ/o.jpg,True,2024-07-18T18:00:00-04:00,,1,0,False,False
Live at the Archway: JERRON PAXTON AND DENNIS LICHTMAN,155 Water St,Brooklyn,NY,11201,40.7033112,-73.9878342,music,"The DUMBO Improvement District presents its annual Live at the Archway series beneath the iconic setting of the Manhattan Bridge Archway. On July 25, Jerron...",https://www.yelp.com/events/brooklyn-live-at-the-archway-jerron-paxton-and-dennis-lichtman?adjust_creative=vaXd63wEr8RrzPKFIuH35Q&utm_campaign=yelp_api_v3&utm_medium=api_v3_event_search&utm_source=vaXd63wEr8RrzPKFIuH35Q,https://s3-media3.fl.yelpcdn.com/ephoto/RkIuGjTYlPgHDGXuZihH_g/o.jpg,True,2024-07-25T18:00:00-04:00,,1,0,False,False
Live at the Archway: GENTLEMAN BRAWLERS,155 Water St,Brooklyn,NY,11201,40.7033112,-73.9878342,music,"The DUMBO Improvement District presents its annual Live at the Archway series beneath the iconic setting of the Manhattan Bridge Archway. On August 1,...",https://www.yelp.com/events/brooklyn-live-at-the-archway-gentleman-brawlers?adjust_creative=vaXd63wEr8RrzPKFIuH35Q&utm_campaign=yelp_api_v3&utm_medium=api_v3_event_search&utm_source=vaXd63wEr8RrzPKFIuH35Q,https://s3-media4.fl.yelpcdn.com/ephoto/81KvpVnsuqAVk_hmIdUyxA/o.jpg,True,2024-08-01T18:00:00-04:00,,1,0,False,False
Live at the Archway: TRACY BONHAM,155 Water St,Brooklyn,NY,11201,40.7033112,-73.9878342,music,"The DUMBO Improvement District presents its annual Live at the Archway series beneath the iconic setting of the Manhattan Bridge Archway. On August 18,...",https://www.yelp.com/events/brooklyn-live-at-the-archway-tracy-bonham?adjust_creative=vaXd63wEr8RrzPKFIuH35Q&utm_campaign=yelp_api_v3&utm_medium=api_v3_event_search&utm_source=vaXd63wEr8RrzPKFIuH35Q,https://s3-media3.fl.yelpcdn.com/ephoto/svmvMrAv6IWdoD2ZShAHgg/o.jpg,True,2024-08-08T18:00:00-04:00,,1,0,False,False
Live at the Archway: Concert presented in collaboration with QUEERCHELLA,155 Water St,Brooklyn,NY,11201,40.7033112,-73.9878342,music,"The DUMBO Improvement District presents its annual Live at the Archway series beneath the iconic setting of the Manhattan Bridge Archway. On August 15,...",https://www.yelp.com/events/brooklyn-live-at-the-archway-concert-presented-in-collaboration-with-queerchella?adjust_creative=vaXd63wEr8RrzPKFIuH35Q&utm_campaign=yelp_api_v3&utm_medium=api_v3_event_search&utm_source=vaXd63wEr8RrzPKFIuH35Q,https://s3-media1.fl.yelpcdn.com/ephoto/tT55z--u7NFVPJ4KimN-lw/o.jpg,True,2024-08-15T18:00:00-04:00,,1,0,False,False
Action Bronson Presents: Dr. Bachlava and Human Growth Hormone - Celebrating LPR's 16th Anniversary,158 Bleecker St,New York,NY,10012,40.7285022,-74.0000425,music,"Action Bronson Presents: Dr. Bachlava and Human Growth Hormone - Celebrating LPR's 16th Anniversary - Live at LPR on June 10th, 2024",https://www.yelp.com/events/new-york-action-bronson-presents-dr-bachlava-and-human-growth-hormone-celebrating-lprs-16th-anniversary?adjust_creative=vaXd63wEr8RrzPKFIuH35Q&utm_campaign=yelp_api_v3&utm_medium=api_v3_event_search&utm_source=vaXd63wEr8RrzPKFIuH35Q,,False,2024-06-10T19:00:00-04:00,,1,0,False,False
Action Bronson Presents: Dr. Bachlava and Human Growth Hormone - Celebrating LPR's 16th Anniversary,158 Bleecker St,New York,NY,10012,40.7285022,-74.0000425,music,"Action Bronson Presents: Dr. Bachlava and Human Growth Hormone - Celebrating LPR's 16th Anniversary - Live at LPR on June 11th, 2024",https://www.yelp.com/events/new-york-action-bronson-presents-dr-bachlava-and-human-growth-hormone-celebrating-lprs-16th-anniversary-2?adjust_creative=vaXd63wEr8RrzPKFIuH35Q&utm_campaign=yelp_api_v3&utm_medium=api_v3_event_search&utm_source=vaXd63wEr8RrzPKFIuH35Q,https://s3-media2.fl.yelpcdn.com/ephoto/H9-Mrmzb_8yYw_VFVLSMtQ/o.jpg,False,2024-06-11T19:00:00-04:00,,1,0,False,False
"Chelsea Music Festival ""Connecting the Dots"" Tickets Now on Sale","40a 10th AveNew York, NY 10014",New York,NY,10014,40.74148599999999,-74.008156,music,"Chelsea Music Festival celebrates its 15th season with nine evenings of concerts, conversation, and tastings with musicians, visual artists, chefs from June...",https://www.yelp.com/events/new-york-chelsea-music-festival-connecting-the-dots-tickets-now-on-sale?adjust_creative=vaXd63wEr8RrzPKFIuH35Q&utm_campaign=yelp_api_v3&utm_medium=api_v3_event_search&utm_source=vaXd63wEr8RrzPKFIuH35Q,https://s3-media2.fl.yelpcdn.com/ephoto/CUcLojRxJO-bvAhROVs9KA/o.jpg,False,2024-06-21T19:00:00-04:00,2024-06-29T21:00:00-04:00,1,0,False,False
Community Experience: Taiyaki NYC,119 Baxter St,New York,NY,10013,40.7179192,-73.9988701,food-and-drink,"Taiyaki's story begins with part faith, part love, and part luck. With members from numerous Far East cities like Guangzhou, Taiwan, Mandalay, Haiphong, and...",https://www.yelp.com/events/new-york-community-experience-taiyaki-nyc?adjust_creative=vaXd63wEr8RrzPKFIuH35Q&utm_campaign=yelp_api_v3&utm_medium=api_v3_event_search&utm_source=vaXd63wEr8RrzPKFIuH35Q,https://s3-media2.fl.yelpcdn.com/ephoto/nfWHxtG8gwB_Iy3a95Mjiw/o.jpg,True,2024-05-27T12:00:00-04:00,2024-06-09T22:00:00-04:00,1,653,False,True
NYC: Hornblower Infinity New Year's Eve Party Cruise,78 South St,New York,NY,10038,40.7047376,-74.00341150000001,nightlife,"For Full Event Details, Additional Ticket Options, and Exclusive Deals aboard the NYC Hornblower Infinity New Year's Eve Party Cruise, visit...",https://www.yelp.com/events/new-york-nyc-hornblower-infinity-new-years-eve-party-cruise?adjust_creative=vaXd63wEr8RrzPKFIuH35Q&utm_campaign=yelp_api_v3&utm_medium=api_v3_event_search&utm_source=vaXd63wEr8RrzPKFIuH35Q,https://s3-media4.fl.yelpcdn.com/ephoto/q903XTIZFKB3D3hqu3Oi3w/o.jpg,False,2024-12-31T21:30:00-05:00,2025-01-01T01:30:00-05:00,1,0,False,False
Celebrate APIHM in Manhattan,,New York,NY,,40.713,-74.0072,food-and-drink,"Taiyaki, rice rolls, and dragon tea? We're celebrating Asian-owned businesses in Manhattan during Asian Pacific Islander Heritage Month in May all the way...",https://www.yelp.com/events/new-york-celebrate-apihm-in-manhattan?adjust_creative=vaXd63wEr8RrzPKFIuH35Q&utm_campaign=yelp_api_v3&utm_medium=api_v3_event_search&utm_source=vaXd63wEr8RrzPKFIuH35Q,https://s3-media4.fl.yelpcdn.com/ephoto/OHdbih3EDZ55age6evvEuQ/o.jpg,True,2024-05-20T00:00:00-04:00,2024-06-19T00:00:00-04:00,223,13,False,True
Dumbo Drink and Draw: Craig Anthony Miller,155 Water St,Brooklyn,NY,11201,40.7033112,-73.9878342,visual-arts,"Join us on Juneteenth for an unforgettable evening of art, culture, and celebration as we kick off the season of Drink and Draw. Next to the two iconic...",https://www.yelp.com/events/brooklyn-dumbo-drink-and-draw-craig-anthony-miller?adjust_creative=vaXd63wEr8RrzPKFIuH35Q&utm_campaign=yelp_api_v3&utm_medium=api_v3_event_search&utm_source=vaXd63wEr8RrzPKFIuH35Q,https://s3-media2.fl.yelpcdn.com/ephoto/IuYtSqDftp9qRNb4pZnx6g/o.jpg,True,2024-06-19T18:00:00-04:00,,1,0,False,False
Dumbo Drink and Draw: Cara Lee Sparry,155 Water St,Brooklyn,NY,11201,40.7033112,-73.9878342,visual-arts,"Dive into a world of creativity where ""Midnight Sky"" meets ""Sunrise Serenade""! Join our mixed media and collage workshop, where we'll draw inspiration from...",https://www.yelp.com/events/brooklyn-dumbo-drink-and-draw-cara-lee-sparry?adjust_creative=vaXd63wEr8RrzPKFIuH35Q&utm_campaign=yelp_api_v3&utm_medium=api_v3_event_search&utm_source=vaXd63wEr8RrzPKFIuH35Q,https://s3-media4.fl.yelpcdn.com/ephoto/DN_-TiSkuAc48qUU3pu8vQ/o.jpg,True,2024-06-26T18:00:00-04:00,,1,0,False,False
Dumbo Drink and Draw: Noah Lyon,155 Water St,Brooklyn,NY,11201,40.7033112,-73.9878342,visual-arts,"Choose a character, any character! Dive into Noah Lyon's world where art mirrors reality and rhythm comes alive through repetition. Start with a single...",https://www.yelp.com/events/brooklyn-dumbo-drink-and-draw-noah-lyon?adjust_creative=vaXd63wEr8RrzPKFIuH35Q&utm_campaign=yelp_api_v3&utm_medium=api_v3_event_search&utm_source=vaXd63wEr8RrzPKFIuH35Q,https://s3-media3.fl.yelpcdn.com/ephoto/FLjX0TSQzp7BgRMT6tSGjg/o.jpg,True,2024-07-03T18:00:00-04:00,,1,0,False,False
Dumbo Drink and Draw: Fidelis Ayuwa Izekor,155 Water St,Brooklyn,NY,11201,40.7033112,-73.9878342,visual-arts,"This workshop, hosted by resident artist Fidelis Ayuwa Izekor with assistance from the Billie Elise Team, offers a unique opportunity for participants to...",https://www.yelp.com/events/brooklyn-dumbo-drink-and-draw-fidelis-ayuwa-izekor?adjust_creative=vaXd63wEr8RrzPKFIuH35Q&utm_campaign=yelp_api_v3&utm_medium=api_v3_event_search&utm_source=vaXd63wEr8RrzPKFIuH35Q,https://s3-media4.fl.yelpcdn.com/ephoto/shTyFezqW-HrY5ZIea0qgw/o.jpg,True,2024-07-10T18:00:00-04:00,,1,0,False,False
Dumbo Drink and Draw: Melanie Hope Greenberg,155 Water St,Brooklyn,NY,11201,40.7033112,-73.9878342,visual-arts,Join author-illustrator Melanie Hope Greenberg (Mermaids on Parade) and discover simple creative formulas for writing and illustrating picture books....,https://www.yelp.com/events/brooklyn-dumbo-drink-and-draw-melanie-hope-greenberg?adjust_creative=vaXd63wEr8RrzPKFIuH35Q&utm_campaign=yelp_api_v3&utm_medium=api_v3_event_search&utm_source=vaXd63wEr8RrzPKFIuH35Q,https://s3-media2.fl.yelpcdn.com/ephoto/fNkJcLimI7inbtlcGHSUIg/o.jpg,True,2024-07-17T18:00:00-04:00,,1,0,False,False
Cloud IV Luxury Yacht New Year's Eve,2430 Fdr Dr E Service Rd,New York,NY,10016,40.735297,-73.973878,nightlife,"For additional ticket options aboard the CLOUD 9 IV NYC YACHT NEW YEARS EVE, and for additional event information visit BallDrop.com

AGE REQUIREMENT
* All...",https://www.yelp.com/events/new-york-cloud-iv-luxury-yacht-new-years-eve?adjust_creative=vaXd63wEr8RrzPKFIuH35Q&utm_campaign=yelp_api_v3&utm_medium=api_v3_event_search&utm_source=vaXd63wEr8RrzPKFIuH35Q,https://s3-media1.fl.yelpcdn.com/ephoto/erH2t2qs-m7pqIBTn45cxQ/o.jpg,False,2024-12-31T20:30:00-05:00,2025-01-01T01:00:00-05:00,1,0,False,False
Dumbo Drink and Draw: April Hannah,155 Water St,New York,NY,10038,40.70612819999999,-74.0056597,visual-arts,Join abstract artist April Hannah as we demystify abstraction through creative exploration. Experience the freedom and flow of getting lost in the joy of...,https://www.yelp.com/events/new-york-dumbo-drink-and-draw-april-hannah?adjust_creative=vaXd63wEr8RrzPKFIuH35Q&utm_campaign=yelp_api_v3&utm_medium=api_v3_event_search&utm_source=vaXd63wEr8RrzPKFIuH35Q,https://s3-media2.fl.yelpcdn.com/ephoto/ULXu-kGF2s-OWAMvgM56lg/o.jpg,True,2024-07-24T18:00:00-04:00,,1,0,False,False
"Dumbo Drink and Draw: Christian ""Kiffy"" Williams",155 Water St,Brooklyn,NY,11201,40.7033112,-73.9878342,visual-arts,"This workshop, led by artist ""Kiffy"" with assistance from the Billie Elise team, offers a unique opportunity to explore creativity. During the workshop,...",https://www.yelp.com/events/brooklyn-dumbo-drink-and-draw-christian-kiffy-williams?adjust_creative=vaXd63wEr8RrzPKFIuH35Q&utm_campaign=yelp_api_v3&utm_medium=api_v3_event_search&utm_source=vaXd63wEr8RrzPKFIuH35Q,https://s3-media1.fl.yelpcdn.com/ephoto/TQH0eGtC-qWhY-j0XxzNng/o.jpg,True,2024-07-31T18:00:00-04:00,,1,0,False,False
Dumbo Drink and Draw: Ty Peterson,155 Water St,Brooklyn,NY,11201,40.7033112,-73.9878342,visual-arts,This relaxing figure-drawing workshop gives artists the perfect opportunity to put into practice the essential elements of drawing anatomy. The art of...,https://www.yelp.com/events/brooklyn-dumbo-drink-and-draw-ty-peterson?adjust_creative=vaXd63wEr8RrzPKFIuH35Q&utm_campaign=yelp_api_v3&utm_medium=api_v3_event_search&utm_source=vaXd63wEr8RrzPKFIuH35Q,https://s3-media4.fl.yelpcdn.com/ephoto/GzhjVmMsLhIn32-cl26ahg/o.jpg,True,2024-08-07T18:00:00-04:00,,1,0,False,False
The DUMBO Improvement District,155 Water St,Brooklyn,NY,11201,40.7033112,-73.9878342,visual-arts,"The workshop, led by Billie Elise's founding artist Nailah ""Billie"" Fuller, offers a comprehensive introduction to sculpture. With a focus on the essential...",https://www.yelp.com/events/brooklyn-the-dumbo-improvement-district?adjust_creative=vaXd63wEr8RrzPKFIuH35Q&utm_campaign=yelp_api_v3&utm_medium=api_v3_event_search&utm_source=vaXd63wEr8RrzPKFIuH35Q,https://s3-media2.fl.yelpcdn.com/ephoto/X1HObPoUAx1XaWWSqBnxfw/o.jpg,True,2024-08-14T18:00:00-04:00,,1,0,False,False
Lake Tahoe Dance Festival Opening Night Gala,218 E 18Th St,New York,NY,10003,40.7352363,-73.98449719999999,performing-arts,"Lake Tahoe Dance Collective celebrates the 12th Anniversary of its summer festival from July 23 - 26, 2024. The 12th Annual Lake Tahoe Dance Festival kicks...",https://www.yelp.com/events/new-york-lake-tahoe-dance-festival-opening-night-gala?adjust_creative=vaXd63wEr8RrzPKFIuH35Q&utm_campaign=yelp_api_v3&utm_medium=api_v3_event_search&utm_source=vaXd63wEr8RrzPKFIuH35Q,https://s3-media4.fl.yelpcdn.com/ephoto/ZipdU0bO04CUDZFP1Hj2QA/o.jpg,False,2024-07-23T17:30:00-04:00,,1,0,False,False
Lake Tahoe Dance Festival: Tahoe City Community Night,"218 E 18th St, New York, NY 10003",New York,NY,10003,40.7352363,-73.98449719999999,performing-arts,"Lake Tahoe Dance Collective celebrates the 12th Anniversary of its summer festival from July 23 - 26, 2024. The 12th Annual Lake Tahoe Dance Festival kicks...",https://www.yelp.com/events/new-york-lake-tahoe-dance-festival-tahoe-city-community-night?adjust_creative=vaXd63wEr8RrzPKFIuH35Q&utm_campaign=yelp_api_v3&utm_medium=api_v3_event_search&utm_source=vaXd63wEr8RrzPKFIuH35Q,https://s3-media3.fl.yelpcdn.com/ephoto/AgGcVvL_I6gso3Bm9ahKEg/o.jpg,False,2024-07-24T18:00:00-04:00,,1,0,False,False
Lake Tahoe Dance Festival: Kings Beach Community Night,"218 E 18th St, New York, NY 10003",New York,NY,10003,40.735218,-73.9844951,performing-arts,"Lake Tahoe Dance Collective celebrates the 12th Anniversary of its summer festival from July 23 - 26, 2024. The 12th Annual Lake Tahoe Dance Festival kicks...",https://www.yelp.com/events/new-york-lake-tahoe-dance-festival-kings-beach-community-night?adjust_creative=vaXd63wEr8RrzPKFIuH35Q&utm_campaign=yelp_api_v3&utm_medium=api_v3_event_search&utm_source=vaXd63wEr8RrzPKFIuH35Q,https://s3-media3.fl.yelpcdn.com/ephoto/s7bMty5Sjhd6Ct1woankDA/o.jpg,False,2024-07-25T18:00:00-04:00,,1,0,False,False
Lake Tahoe Dance Festival Closing Night Benefit,"218 E 18th St, New York, NY 10003",New York,NY,10003,40.7352363,-73.98449719999999,performing-arts,"Lake Tahoe Dance Collective celebrates the 12th Anniversary of its summer festival from July 23 - 26, 2024. The 12th Annual Lake Tahoe Dance Festival kicks...",https://www.yelp.com/events/new-york-lake-tahoe-dance-festival-closing-night-benefit?adjust_creative=vaXd63wEr8RrzPKFIuH35Q&utm_campaign=yelp_api_v3&utm_medium=api_v3_event_search&utm_source=vaXd63wEr8RrzPKFIuH35Q,https://s3-media4.fl.yelpcdn.com/ephoto/EiY0mhfFil85oWeY2Hw3zA/o.jpg,False,2024-07-26T17:30:00-04:00,,1,0,False,False
"Chelsea Music Festival ""Connecting the Dots"" 15th Season Opening Night","40a 10th Ave New York, NY 10014",New York,NY,10014,40.74148599999999,-74.008156,music,"Chelsea Music Festival celebrates its 15th season with nine evenings of concerts, conversation, and tastings with musicians, visual artists, chefs from June...",https://www.yelp.com/events/new-york-chelsea-music-festival-connecting-the-dots-15th-season-opening-night?adjust_creative=vaXd63wEr8RrzPKFIuH35Q&utm_campaign=yelp_api_v3&utm_medium=api_v3_event_search&utm_source=vaXd63wEr8RrzPKFIuH35Q,https://s3-media4.fl.yelpcdn.com/ephoto/GLAgd8E9v5HXfAWXskU-hA/o.jpg,False,2024-06-21T19:30:00-04:00,,1,0,False,False
"Chelsea Music Festival ""Connecting the Dots"" presents My Super Awesome Brain, a Family Event","25 11th Avenue New York, NY, 10011",New York,NY,10011,40.7429434,-74.0091131,kids-family,"Grab your friends, kids, and neighbors and join us at this free, family-friendly gathering at Pier 57, a vibrant communal market space located on the Hudson...",https://www.yelp.com/events/new-york-chelsea-music-festival-connecting-the-dots-presents-my-super-awesome-brain-a-family-event?adjust_creative=vaXd63wEr8RrzPKFIuH35Q&utm_campaign=yelp_api_v3&utm_medium=api_v3_event_search&utm_source=vaXd63wEr8RrzPKFIuH35Q,https://s3-media2.fl.yelpcdn.com/ephoto/Ezy1pnp5QTwyyJTUCsPh9Q/o.jpg,True,2024-06-22T10:00:00-04:00,,1,0,False,False
Chelsea Music Festival presents Jazz Doubleheader--Birnbaum & the Bach Preludes and Cardume Trio,"40a 10th Ave New York, NY 10014",New York,NY,10014,40.74148599999999,-74.008156,music,"Chelsea Music Festival celebrates its 15th season with nine evenings of concerts, conversation, and tastings with musicians, visual artists, chefs from June...",https://www.yelp.com/events/new-york-chelsea-music-festival-presents-jazz-doubleheader-birnbaum-and-the-bach-preludes-and-cardume-trio?adjust_creative=vaXd63wEr8RrzPKFIuH35Q&utm_campaign=yelp_api_v3&utm_medium=api_v3_event_search&utm_source=vaXd63wEr8RrzPKFIuH35Q,https://s3-media4.fl.yelpcdn.com/ephoto/s4vIudTbtbsrt6iczsifkQ/o.jpg,False,2024-06-22T19:00:00-04:00,,1,0,False,False
"Chelsea Music Festival ""Connecting the Dots"" presents Festa Junina","25 11th Avenue New York, NY, 10011",New York,NY,10011,40.7429434,-74.0091131,music,"Chelsea Music Festival celebrates its 15th season with nine evenings of concerts, conversation, and tastings with musicians, visual artists, chefs from June...",https://www.yelp.com/events/new-york-chelsea-music-festival-connecting-the-dots-presents-festa-junina?adjust_creative=vaXd63wEr8RrzPKFIuH35Q&utm_campaign=yelp_api_v3&utm_medium=api_v3_event_search&utm_source=vaXd63wEr8RrzPKFIuH35Q,https://s3-media2.fl.yelpcdn.com/ephoto/ouzdHS-FLWAWVdqv9Nq_rQ/o.jpg,True,2024-06-23T18:00:00-04:00,,1,0,False,False
Empowering Women through Art: Private Studio Visit & Discussion with Chiara Mecozzi,,New York,NY,,40.713,-74.0072,visual-arts,"Join us on Saturday, June 8th at 5pm for a very special studio visit and artist talk with Chiara Mecozzi, an Argentine-American fine artist who seeks to...",https://www.yelp.com/events/new-york-empowering-women-through-art-private-studio-visit-and-discussion-with-chiara-mecozzi?adjust_creative=vaXd63wEr8RrzPKFIuH35Q&utm_campaign=yelp_api_v3&utm_medium=api_v3_event_search&utm_source=vaXd63wEr8RrzPKFIuH35Q,https://s3-media1.fl.yelpcdn.com/ephoto/kk1oFsZLfoRRd1k6DfhrwA/o.jpg,False,2024-06-08T17:00:00-04:00,2024-06-08T19:30:00-04:00,1,0,False,False
Chelsea Music Festival presents Closing Reception--Cultivars | Kelly S. Williams,5,Jersey City,NJ,07302,40.7249473,-74.0472235,visual-arts,"Chelsea Music Festival celebrates its 15th season with nine evenings of concerts, conversation, and tastings with musicians, visual artists, chefs from June...",https://www.yelp.com/events/jersey-city-chelsea-music-festival-presents-closing-reception-cultivars-kelly-s-williams?adjust_creative=vaXd63wEr8RrzPKFIuH35Q&utm_campaign=yelp_api_v3&utm_medium=api_v3_event_search&utm_source=vaXd63wEr8RrzPKFIuH35Q,https://s3-media3.fl.yelpcdn.com/ephoto/qoTVU-tqaY1qF7Z22-26Gg/o.jpg,True,2024-06-27T18:00:00-04:00,,1,0,False,False
Chelsea Music Festival presents Reimagined Gems-- Vignettes Across Time,"315 West 22nd Street New York, NY, 10011",New York,NY,10011,40.74516510000001,-73.9996027,music,"Chelsea Music Festival celebrates its 15th season with nine evenings of concerts, conversation, and tastings with musicians, visual artists, chefs from June...",https://www.yelp.com/events/new-york-chelsea-music-festival-presents-reimagined-gems-vignettes-across-time?adjust_creative=vaXd63wEr8RrzPKFIuH35Q&utm_campaign=yelp_api_v3&utm_medium=api_v3_event_search&utm_source=vaXd63wEr8RrzPKFIuH35Q,https://s3-media1.fl.yelpcdn.com/ephoto/kn461BcVWCEOFzGJgC7YfA/o.jpg,False,2024-06-28T19:00:00-04:00,,1,0,False,False
"Chelsea Music Festival presents Superhero Brain, a Family Event","315 West 22nd Street New York, NY, 10011",New York,NY,10011,40.74516510000001,-73.9996027,kids-family,"Chelsea Music Festival celebrates its 15th season with nine evenings of concerts, conversation, and tastings with musicians, visual artists, chefs from June...",https://www.yelp.com/events/new-york-chelsea-music-festival-presents-superhero-brain-a-family-event?adjust_creative=vaXd63wEr8RrzPKFIuH35Q&utm_campaign=yelp_api_v3&utm_medium=api_v3_event_search&utm_source=vaXd63wEr8RrzPKFIuH35Q,https://s3-media3.fl.yelpcdn.com/ephoto/12pzP1hNHJrlLGAlg7Upmg/o.jpg,True,2024-06-29T10:30:00-04:00,,1,0,False,False
South Street Seaport Museum 2024 Vinyasa on a Vessel Series on the 1885 tall ship Wavertree,"12 Fulton Street, NYC, 10038",New York,NY,10038,40.7066419,-74.00366869999999,sports-active-life,"On Sunday, June 9, 2024, at 9am, Vinyasa on a Vessel returns to the South Street Seaport Museum aboard the 1885 tall ship Wavertree, located on Pier 16...",https://www.yelp.com/events/new-york-south-street-seaport-museum-2024-vinyasa-on-a-vessel-series-on-the-1885-tall-ship-wavertree?adjust_creative=vaXd63wEr8RrzPKFIuH35Q&utm_campaign=yelp_api_v3&utm_medium=api_v3_event_search&utm_source=vaXd63wEr8RrzPKFIuH35Q,https://s3-media3.fl.yelpcdn.com/ephoto/OLsAJr98EmdqmgJITOgnxQ/o.jpg,True,2024-06-09T09:00:00-04:00,,1,0,False,False
Nai-Ni Chen Dance Company Announces 2024 Summer Intensive,"287 E 10th St New York, NY 10009",New York,NY,10009,40.7281597,-73.9824369,performing-arts,"The Nai-Ni Chen Dance Company announces its 2024 Summer Intensive -- two weeks of dance, one session per week, held at the Center for Creativity and Dance...",https://www.yelp.com/events/new-york-nai-ni-chen-dance-company-announces-2024-summer-intensive?adjust_creative=vaXd63wEr8RrzPKFIuH35Q&utm_campaign=yelp_api_v3&utm_medium=api_v3_event_search&utm_source=vaXd63wEr8RrzPKFIuH35Q,https://s3-media1.fl.yelpcdn.com/ephoto/QXzZzSpfquj3pWkru87JvQ/o.jpg,False,2024-06-17T15:30:00-04:00,2024-06-28T16:00:00-04:00,1,0,False,False
Watson Adventures' Secrets of Governors Island Scavenger Hunt,10 S St,New York,NY,10004,40.6913770268785,-74.0164375305176,other,Leave the city behind and embark on a unique scavenger hunt adventure that's just a ferry ride away on Governors Island. You and your team will follow a...,https://www.yelp.com/events/new-york-watson-adventures-secrets-of-governors-island-scavenger-hunt-11?adjust_creative=vaXd63wEr8RrzPKFIuH35Q&utm_campaign=yelp_api_v3&utm_medium=api_v3_event_search&utm_source=vaXd63wEr8RrzPKFIuH35Q,https://s3-media4.fl.yelpcdn.com/ephoto/xhkoXMUZxqMnN7esAq_ZNw/o.jpg,False,2024-06-08T11:00:00-04:00,,1,0,False,False
Watson Adventures' High Line Hijinks Scavenger Hunt,820 Washington St,New York,NY,10014,40.7396039,-74.00847657515718,other,"Come explore the Meatpacking District - the trendy neighborhood that has sprung from an area of warehouses and historic buildings - and the High Line, the...",https://www.yelp.com/events/new-york-watson-adventures-high-line-hijinks-scavenger-hunt-20?adjust_creative=vaXd63wEr8RrzPKFIuH35Q&utm_campaign=yelp_api_v3&utm_medium=api_v3_event_search&utm_source=vaXd63wEr8RrzPKFIuH35Q,https://s3-media1.fl.yelpcdn.com/ephoto/H50i_LJnvl9GeB7wK8pFNg/o.jpg,False,2024-06-15T18:30:00-04:00,,1,0,False,False
Watson Adventures' Munch Around Chinatown Scavenger Hunt,67 Mulberry St,New York,NY,10013,40.715666,-73.999997,food-and-drink,"Join Watson Adventures on a unique food scavenger hunt for adults in Chinatown and Little Italy!

Discover the most unusual and enticing restaurants, cafes,...",https://www.yelp.com/events/new-york-watson-adventures-munch-around-chinatown-scavenger-hunt-24?adjust_creative=vaXd63wEr8RrzPKFIuH35Q&utm_campaign=yelp_api_v3&utm_medium=api_v3_event_search&utm_source=vaXd63wEr8RrzPKFIuH35Q,https://s3-media3.fl.yelpcdn.com/ephoto/2KZBLcZoje1mga9ayx2l7w/o.jpg,False,2024-06-22T12:00:00-04:00,,1,0,False,False
The 14th Annual Art of Brooklyn Film Festival,"Brooklyn, NY 11232",New York,NY,11232,40.656321,-74.005633,film,"See The Future of Film at the 2024 Art of Brooklyn Film Festival.
60 new indie films in all genres from around the way and around the world -- screening in...",https://www.yelp.com/events/new-york-the-14th-annual-art-of-brooklyn-film-festival-3?adjust_creative=vaXd63wEr8RrzPKFIuH35Q&utm_campaign=yelp_api_v3&utm_medium=api_v3_event_search&utm_source=vaXd63wEr8RrzPKFIuH35Q,https://s3-media1.fl.yelpcdn.com/ephoto/uEbyc-JOg5S2EGSqAX-uXg/o.jpg,False,2024-06-01T12:00:00-04:00,2024-06-08T22:00:00-04:00,1,0,False,False
Jersey City Craft Beer Fest,1 Audrey Zapp Dr.,Jersey City,NJ,07305,40.70745369999999,-74.0369892,food-and-drink,Looking for an Oktoberfest in June ? The Liberty State Park Terminal is hosting a beer fest with a local variety of 100+ styles of craft beer and cider...,https://www.yelp.com/events/jersey-city-jersey-city-craft-beer-fest-3?adjust_creative=vaXd63wEr8RrzPKFIuH35Q&utm_campaign=yelp_api_v3&utm_medium=api_v3_event_search&utm_source=vaXd63wEr8RrzPKFIuH35Q,https://s3-media2.fl.yelpcdn.com/ephoto/RXgZBMyfl9ts6uu2QL5DYA/o.jpg,False,2024-06-07T18:30:00-04:00,2024-06-07T22:00:00-04:00,1,0,False,False
St. Ann Italian Festival,704 Jefferson St.,Hoboken,NJ,07030,40.7464142,-74.0363962,food-and-drink,"A beloved local Hoboken event that features Italian eats, live music, a beer garden, games, and more! There will be the famous zeppoles, cheesesteaks, rice...",https://www.yelp.com/events/hoboken-st-ann-italian-festival?adjust_creative=vaXd63wEr8RrzPKFIuH35Q&utm_campaign=yelp_api_v3&utm_medium=api_v3_event_search&utm_source=vaXd63wEr8RrzPKFIuH35Q,https://s3-media1.fl.yelpcdn.com/ephoto/x7nRhwC2M2tywVoAfLVXmw/o.jpg,True,2024-07-24T00:00:00-04:00,2024-07-28T00:00:00-04:00,1,1,False,False
Theater Resources Unlimited Upcoming TRU Community Gathering via Zoom Social Media Strategies and the New Hot Things,,New York,NY,,40.713,-74.0072,performing-arts,"A dependable haven for artists in isolation, Theater Resources Unlimited (TRU) is now in its fourth year of non-stop weekly Community Gatherings this...",https://www.yelp.com/events/new-york-theater-resources-unlimited-upcoming-tru-community-gathering-via-zoom-social-media-strategies-and-the-new-hot-things?adjust_creative=vaXd63wEr8RrzPKFIuH35Q&utm_campaign=yelp_api_v3&utm_medium=api_v3_event_search&utm_source=vaXd63wEr8RrzPKFIuH35Q,https://s3-media2.fl.yelpcdn.com/ephoto/KxwNanGTzAvJzfZqkl6Lgw/o.jpg,False,2024-06-14T17:00:00-04:00,2024-06-14T19:00:00-04:00,1,0,False,False
BWAC Spring 2 2024 Art Exhibition,481 Van Brunt Street Door 7,Brooklyn,NY,11231,40.6736885,-74.01656249999999,visual-arts,"Short Descriptions BWAC Spring 2 2024 Exhibitions

Show Dates: June 1 to June 23, 2024
Opening receptions for all shows: Saturday, June 1, from 1 to 6...",https://www.yelp.com/events/brooklyn-bwac-spring-2-2024-art-exhibition?adjust_creative=vaXd63wEr8RrzPKFIuH35Q&utm_campaign=yelp_api_v3&utm_medium=api_v3_event_search&utm_source=vaXd63wEr8RrzPKFIuH35Q,https://s3-media4.fl.yelpcdn.com/ephoto/Duu4JibHa6yGOivYLafvtA/o.jpg,True,2024-06-01T13:00:00-04:00,2024-06-23T18:00:00-04:00,1,0,False,False
Serenity Yacht New Year's Eve 2025,78 South St,New York,NY,10038,40.7047376,-74.00341150000001,nightlife,Get ready to bring in the New Year like you never have before. If you're looking for a memorable and fun way to ring in 2025 then you're in the right place....,https://www.yelp.com/events/new-york-serenity-yacht-new-years-eve-2025?adjust_creative=vaXd63wEr8RrzPKFIuH35Q&utm_campaign=yelp_api_v3&utm_medium=api_v3_event_search&utm_source=vaXd63wEr8RrzPKFIuH35Q,https://s3-media2.fl.yelpcdn.com/ephoto/aouJevY7gLtTV-BOvSFJ4Q/o.jpg,False,2024-12-31T20:30:00-05:00,2025-01-01T00:30:00-05:00,1,0,False,False
BallDrop.com Presents: Cornucopia Princess NYE Party cruise,299 South St,New York,NY,10002,40.7098278392299,-73.9853025502194,nightlife,Bring in 2025 with your friends and family aboard the luxurious Cornucopia Princess yacht and celebrate aboard our NYC New Year's cruise! Hop on this yacht...,https://www.yelp.com/events/new-york-balldrop-com-presents-cornucopia-princess-nye-party-cruise?adjust_creative=vaXd63wEr8RrzPKFIuH35Q&utm_campaign=yelp_api_v3&utm_medium=api_v3_event_search&utm_source=vaXd63wEr8RrzPKFIuH35Q,https://s3-media1.fl.yelpcdn.com/ephoto/C-FIVHogOpoUf-1141pCrA/o.jpg,False,2024-12-31T20:00:00-05:00,2025-01-01T01:00:00-05:00,1,0,False,False
YY Dance Company presents the World Premiere of SOMEWHERE,219 W 19th St,New York,NY,10011,40.7422303,-73.9982715,performing-arts,"YY Dance Company presents the World Premiere of SOMEWHERE from Thursday, June 20 to Saturday, June 22, 2024, with showings at 7:30pm on June 20-22 with a...",https://www.yelp.com/events/new-york-yy-dance-company-presents-the-world-premiere-of-somewhere?adjust_creative=vaXd63wEr8RrzPKFIuH35Q&utm_campaign=yelp_api_v3&utm_medium=api_v3_event_search&utm_source=vaXd63wEr8RrzPKFIuH35Q,https://s3-media1.fl.yelpcdn.com/ephoto/xthpeh5m-lIEkKlfx8fMhQ/o.jpg,False,2024-06-20T19:30:00-04:00,2024-06-22T21:00:00-04:00,1,0,False,False
Ha! or Nah!: A Joke Lab *** TimeOut NY PICK! ***,173 Mulberry St,New York,NY,10013,40.7201394,-73.9973091,performing-arts,"Join our community of hilarious comedians (from HBO, Netflix, Comedy Central - and more!) for a night of heartwarming absurdity as they bring you their joke...",https://www.yelp.com/events/new-york-ha-or-nah-a-joke-lab-timeout-ny-pick-2?adjust_creative=vaXd63wEr8RrzPKFIuH35Q&utm_campaign=yelp_api_v3&utm_medium=api_v3_event_search&utm_source=vaXd63wEr8RrzPKFIuH35Q,,False,2024-06-20T20:00:00-04:00,,1,0,False,False
Experience LONE WOLF: An Immersive Theater Experience at Brooklyn Art Haus from 6/6-6/16,24 Marcy Ave,Brooklyn,NY,11211,40.71343997804583,-73.9549377,performing-arts,"Brooklyn Art Haus (24 Marcy Ave) and SMPL MCHN present the NYC premiere of LONE WOLF, an immersive theater piece supported by a stellar ensemble cast that...",https://www.yelp.com/events/brooklyn-experience-lone-wolf-an-immersive-theater-experience-at-brooklyn-art-haus-from-6-6-6-16?adjust_creative=vaXd63wEr8RrzPKFIuH35Q&utm_campaign=yelp_api_v3&utm_medium=api_v3_event_search&utm_source=vaXd63wEr8RrzPKFIuH35Q,https://s3-media1.fl.yelpcdn.com/ephoto/bE4DmbHLgwEBNaiM_i41zQ/o.jpg,False,2024-06-06T19:30:00-04:00,2024-06-16T19:30:00-04:00,2,0,False,False
The Buoniconti Fund to Cure Paralysis presents: The 19th Annual Poker4life Charity Poker Tournament,54 W 21st St,New York,NY,10010,40.74118170000001,-73.99319539999999,charities,The Poker4Life Charity Poker Championship has attracted thousands of poker players and philanthropists over the last 18 years. We continue to raise money...,https://www.yelp.com/events/new-york-the-buoniconti-fund-to-cure-paralysis-presents-the-19th-annual-poker4life-charity-poker-tournament-2?adjust_creative=vaXd63wEr8RrzPKFIuH35Q&utm_campaign=yelp_api_v3&utm_medium=api_v3_event_search&utm_source=vaXd63wEr8RrzPKFIuH35Q,https://s3-media3.fl.yelpcdn.com/ephoto/RL_RnmN8bdfnYKf66sx28A/o.jpg,False,2024-06-13T18:00:00-04:00,,1,0,False,False
"Arlo Williamsburg: ArLOL Presents... Love, Sex & Magic: Comedy Variety Show",96 Wythe Avenue,Brooklyn,NY,11249,40.7216011,-73.9588991,nightlife,"Make your worries disappear at New York's sexiest comedy variety show, presented by ArLO, the hilarious new comedy series by Arlo Hotels. Visitto Arlo...",https://www.yelp.com/events/brooklyn-arlo-williamsburg-arlol-presents-love-sex-and-magic-comedy-variety-show?adjust_creative=vaXd63wEr8RrzPKFIuH35Q&utm_campaign=yelp_api_v3&utm_medium=api_v3_event_search&utm_source=vaXd63wEr8RrzPKFIuH35Q,https://s3-media4.fl.yelpcdn.com/ephoto/rfbGvn8mB8BWWhGzOvAz9A/o.jpg,False,2024-06-07T00:00:00-04:00,,1,0,False,False
Water People Theater presents the New York Premiere of The Delicate Tears of the Waning Moon,"138 E 27th St, New York, NY 10016",New York,NY,10016,40.741578,-73.9826262,performing-arts,"Water People Theater presents the New York Premiere of The Delicate Tears of the Waning Moon (Las Dedicadas Lágrimas de la Luna Menguante) from Thursday,...",https://www.yelp.com/events/new-york-water-people-theater-presents-the-new-york-premiere-of-the-delicate-tears-of-the-waning-moon?adjust_creative=vaXd63wEr8RrzPKFIuH35Q&utm_campaign=yelp_api_v3&utm_medium=api_v3_event_search&utm_source=vaXd63wEr8RrzPKFIuH35Q,https://s3-media1.fl.yelpcdn.com/ephoto/IcggwJJXih4g6VVevIupTQ/o.jpg,False,2024-07-11T19:00:00-04:00,2024-07-21T22:00:00-04:00,1,0,False,False
Poster House First Friday,119 W 23rd St,New York,NY,10011,40.7433885071265,-73.9935075903394,visual-arts,"Poster House, the first museum in the United States dedicated to the global history of posters, will host its monthly ""First Friday"" event June 7, 2024 from...",https://www.yelp.com/events/new-york-poster-house-first-friday-10?adjust_creative=vaXd63wEr8RrzPKFIuH35Q&utm_campaign=yelp_api_v3&utm_medium=api_v3_event_search&utm_source=vaXd63wEr8RrzPKFIuH35Q,https://s3-media4.fl.yelpcdn.com/ephoto/CUsJ8jwvWVufO50GudAHmQ/o.jpg,True,2024-06-07T00:00:00-04:00,,1,0,False,False
"¡Arriba!: Celebrate the High Line's Birthday at our Fiesta in the Sky with DJ Mickey Pérez, Las Mariquitas, and Fuákata",820 Washington St,New York,NY,10014,40.7396039,-74.00847657515718,music,Dance the night away as we celebrate the High Line's 15th birthday. Groove to the live tunes of Las Mariquitas--New York City's energetic queer and trans...,https://www.yelp.com/events/new-york-arriba-celebrate-the-high-lines-birthday-at-our-fiesta-in-the-sky-with-dj-mickey-p%C3%A9rez-las-mariquitas-and-fu%C3%A1kata?adjust_creative=vaXd63wEr8RrzPKFIuH35Q&utm_campaign=yelp_api_v3&utm_medium=api_v3_event_search&utm_source=vaXd63wEr8RrzPKFIuH35Q,https://s3-media1.fl.yelpcdn.com/ephoto/PKGAC7LOsICgOUgPBD13Ng/o.jpg,True,2024-06-13T18:00:00-04:00,2024-06-13T21:00:00-04:00,1,0,False,False
Arlo SoHo Presents Cheap Therapy By Hoes With Feelings,231 Hudson St,New York,NY,10013,40.72442063968192,-74.00799634816717,food-and-drink,"Head over to Arlo SoHo on Friday, June 14, from 9:00 p.m. to 10:30 p.m., for an unforgettable night of laughter and healing with Karolena Theresa and...",https://www.yelp.com/events/new-york-arlo-soho-presents-cheap-therapy-by-hoes-with-feelings?adjust_creative=vaXd63wEr8RrzPKFIuH35Q&utm_campaign=yelp_api_v3&utm_medium=api_v3_event_search&utm_source=vaXd63wEr8RrzPKFIuH35Q,https://s3-media3.fl.yelpcdn.com/ephoto/xg0bXmhK0bsaBOpd1bK9QQ/o.jpg,False,2024-06-14T19:30:00-04:00,2024-06-14T22:30:00-04:00,1,0,False,False
DJ Series at Portside,230 Vesey St,New York,NY,10281,40.7141805,-74.0155677,music,Immerse yourself in the vibrant rhythms of summer with a curated DJ series that blends cutting-edge music and waterfront views to create an electrifying...,https://www.yelp.com/events/new-york-dj-series-at-portside?adjust_creative=vaXd63wEr8RrzPKFIuH35Q&utm_campaign=yelp_api_v3&utm_medium=api_v3_event_search&utm_source=vaXd63wEr8RrzPKFIuH35Q,https://s3-media1.fl.yelpcdn.com/ephoto/d6d24Kk-gHfw5AN_GGAShg/o.jpg,True,2024-06-12T12:00:00-04:00,2024-06-12T20:30:00-04:00,1,1,False,False
DJ Series at Portside,230 Vesey St,New York,NY,10281,40.7141805,-74.0155677,music,Immerse yourself in the vibrant rhythms of summer with a curated DJ series that blends cutting-edge music and waterfront views to create an electrifying...,https://www.yelp.com/events/new-york-dj-series-at-portside-2?adjust_creative=vaXd63wEr8RrzPKFIuH35Q&utm_campaign=yelp_api_v3&utm_medium=api_v3_event_search&utm_source=vaXd63wEr8RrzPKFIuH35Q,https://s3-media3.fl.yelpcdn.com/ephoto/JKCKPciVjTn2SbPx0cyHPQ/o.jpg,True,2024-06-26T12:00:00-04:00,,1,0,False,False
Arlo SoHo Presents Cheap Therapy By Hoes With Feelings,231 Hudson St,New York,NY,10013,40.72442063968192,-74.00799634816717,nightlife,"Head over to Arlo SoHo on Friday, June 21, from 7:30 p.m. to 10:30 p.m., for an unforgettable night of laughter and healing with Karolena Theresa and...",https://www.yelp.com/events/new-york-arlo-soho-presents-cheap-therapy-by-hoes-with-feelings-2?adjust_creative=vaXd63wEr8RrzPKFIuH35Q&utm_campaign=yelp_api_v3&utm_medium=api_v3_event_search&utm_source=vaXd63wEr8RrzPKFIuH35Q,https://s3-media1.fl.yelpcdn.com/ephoto/tFK1r4LV2KHHxIOw3hHmMw/o.jpg,False,2024-06-21T19:30:00-04:00,2024-06-21T22:30:00-04:00,1,0,False,False
Battery Dance presents The 43rd Annual Battery Dance Festival - In-Person and Via Livestream,"75 Battery Place, New York, NY 10280",New York,NY,10280,40.7071123,-74.01712619999999,performing-arts,"Battery Dance celebrates the 43rd Anniversary of its free summer festival from August 11-17, 2024 with a rain date on Sunday August 18, in partnership with...",https://www.yelp.com/events/new-york-battery-dance-presents-the-43rd-annual-battery-dance-festival-in-person-and-via-livestream?adjust_creative=vaXd63wEr8RrzPKFIuH35Q&utm_campaign=yelp_api_v3&utm_medium=api_v3_event_search&utm_source=vaXd63wEr8RrzPKFIuH35Q,https://s3-media4.fl.yelpcdn.com/ephoto/Nok-tzra0ITOhJOqBKSV3Q/o.jpg,True,2024-08-11T19:00:00-04:00,2024-08-17T21:00:00-04:00,1,0,False,False
South Street Seaport Museum and Bowne & Co. Announce Fresh Prints Open House: Explore Letterpress Printing in Action!,209-211 Water St,New York,NY,10038,40.7072998,-74.0034332,other,"South Street Seaport Museum's 19th century-style letterpress printers, Bowne & Co. offers a monthly opportunity for you to learn about letterpress printing...",https://www.yelp.com/events/new-york-south-street-seaport-museum-and-bowne-and-co-announce-fresh-prints-open-house-explore-letterpress-printing-in-action?adjust_creative=vaXd63wEr8RrzPKFIuH35Q&utm_campaign=yelp_api_v3&utm_medium=api_v3_event_search&utm_source=vaXd63wEr8RrzPKFIuH35Q,https://s3-media1.fl.yelpcdn.com/ephoto/shhXVBs9_0q3RIGvgXw0yQ/o.jpg,True,2024-06-06T18:00:00-04:00,2024-06-06T20:00:00-04:00,1,0,False,False
Rini and Neel,85 Avenue A,New York,NY,10009,40.7253412,-73.9845143,music,"Thursday, June 13 2024 at 6:30 PM
Doors - 6:30 p.m.
Opening Act: Shef's Kiss - 7:00 p.m.
Rini and Neel - 7:45 p.m.

Rini & Neel present a pulsing night of...",https://www.yelp.com/events/new-york-rini-and-neel?adjust_creative=vaXd63wEr8RrzPKFIuH35Q&utm_campaign=yelp_api_v3&utm_medium=api_v3_event_search&utm_source=vaXd63wEr8RrzPKFIuH35Q,https://s3-media4.fl.yelpcdn.com/ephoto/-bElm76cNLKayPdvMf-mLg/o.jpg,False,2024-06-13T18:30:00-04:00,2024-06-13T21:00:00-04:00,1,0,False,False
Women In World Music: Ourida and MEÏA,85 Avenue A,New York,NY,10009,40.7253412,-73.9845143,music,"Tuesday, June 18 2024 at 8:30 PM
Doors: 8:30PM
Performance Times:
9PM - Ourida
10PM - MEÏA
20 dollar table minimum per person is required.
21+
Tickets are...",https://www.yelp.com/events/new-york-women-in-world-music-ourida-and-me%C3%AFa?adjust_creative=vaXd63wEr8RrzPKFIuH35Q&utm_campaign=yelp_api_v3&utm_medium=api_v3_event_search&utm_source=vaXd63wEr8RrzPKFIuH35Q,https://s3-media1.fl.yelpcdn.com/ephoto/jaqDctMlllmmhSNjyGIwQA/o.jpg,False,2024-06-18T20:30:00-04:00,2024-06-18T23:00:00-04:00,1,0,False,False
Balkan Music with Enver Izmaylov & Fugu Dugu,85 Avenue A,New York,NY,10009,40.7253412,-73.9845143,music,"Sunday, June 23 2024 at 2:30 PM
Doors at 2:30PM, show starts at 3:00PM.
20 dollar table minimum per person is required.
21+
Tickets are non-refundable.
$30...",https://www.yelp.com/events/new-york-balkan-music-with-enver-izmaylov-and-fugu-dugu?adjust_creative=vaXd63wEr8RrzPKFIuH35Q&utm_campaign=yelp_api_v3&utm_medium=api_v3_event_search&utm_source=vaXd63wEr8RrzPKFIuH35Q,https://s3-media2.fl.yelpcdn.com/ephoto/q5rsnmZiZPdgyglebFuayQ/o.jpg,False,2024-06-23T14:30:00-04:00,2024-06-23T17:00:00-04:00,1,0,False,False
Pedrito Martinez,85 Avenue A,New York,NY,10009,40.7253412,-73.9845143,music,"Thursday, June 20 2024 at 7:00 PM
Doors 7pm ; Show 8pm
Pedrito Martinez Group
Grammy®-nominated, percussionist and vocalist presents, his groundbreaking...",https://www.yelp.com/events/new-york-pedrito-martinez?adjust_creative=vaXd63wEr8RrzPKFIuH35Q&utm_campaign=yelp_api_v3&utm_medium=api_v3_event_search&utm_source=vaXd63wEr8RrzPKFIuH35Q,,False,2024-06-20T19:00:00-04:00,,1,0,False,False
Storefront Sounds: Yut Chia,350 Hudson St,New York,NY,10014,40.72767537130437,-74.00678450000056,music,Join us every Wednesday as the Hudson Square Business Improvement District presents live lunchtime music at some of your favorite Hudson Square eateries....,https://www.yelp.com/events/new-york-storefront-sounds-yut-chia?adjust_creative=vaXd63wEr8RrzPKFIuH35Q&utm_campaign=yelp_api_v3&utm_medium=api_v3_event_search&utm_source=vaXd63wEr8RrzPKFIuH35Q,https://s3-media3.fl.yelpcdn.com/ephoto/R4dzhhkpuCVzt-KBKB455g/o.jpg,True,2024-06-12T12:00:00-04:00,,1,0,False,False
Drenched @ The Water Tower,96 Wythe Ave,Brooklyn,NY,11249,40.7216011,-73.9588991,nightlife,"Be prepared to get WET at The Water Tower on Wednesday, June 12, from 7-8:30 p.m. at Arlo Williamsburg for DRENCHED! Your hosts Caroline Baniewicz (Barstool...",https://www.yelp.com/events/brooklyn-drenched-the-water-tower-6?adjust_creative=vaXd63wEr8RrzPKFIuH35Q&utm_campaign=yelp_api_v3&utm_medium=api_v3_event_search&utm_source=vaXd63wEr8RrzPKFIuH35Q,https://s3-media4.fl.yelpcdn.com/ephoto/TGcJXEaTmiWRYK5GnTKIGA/o.jpg,False,2024-06-12T19:00:00-04:00,2024-06-12T20:30:00-04:00,1,0,False,False
Drenched @ The Water Tower,96 Wythe Ave,Brooklyn,NY,11249,40.7216011,-73.9588991,nightlife,"Be prepared to get WET at The Water Tower on Wednesday, June 19, from 7-8:30 p.m. at Arlo Williamsburg for DRENCHED! Your hosts Caroline Baniewicz (Barstool...",https://www.yelp.com/events/brooklyn-drenched-the-water-tower-7?adjust_creative=vaXd63wEr8RrzPKFIuH35Q&utm_campaign=yelp_api_v3&utm_medium=api_v3_event_search&utm_source=vaXd63wEr8RrzPKFIuH35Q,https://s3-media2.fl.yelpcdn.com/ephoto/qjHbplvrHH77vX58JFW-EA/o.jpg,False,2024-06-19T19:00:00-04:00,2024-06-19T20:30:00-04:00,1,0,False,False
Drenched @ The Water Tower,96 Wythe Ave,Brooklyn,NY,11249,40.7216011,-73.9588991,nightlife,"Be prepared to get WET at The Water Tower on Wednesday, June 26, from 7-8:30 p.m. at Arlo Williamsburg for DRENCHED! Your hosts Caroline Baniewicz (Barstool...",https://www.yelp.com/events/brooklyn-drenched-the-water-tower-8?adjust_creative=vaXd63wEr8RrzPKFIuH35Q&utm_campaign=yelp_api_v3&utm_medium=api_v3_event_search&utm_source=vaXd63wEr8RrzPKFIuH35Q,https://s3-media4.fl.yelpcdn.com/ephoto/JWFOCn4mV2QtJf2m2Xp_Jg/o.jpg,False,2024-06-26T19:00:00-04:00,2024-06-26T20:30:00-04:00,1,0,False,False
Drenched @ The Water Tower,96 Wythe Ave,Brooklyn,NY,11249,40.7216011,-73.9588991,nightlife,"Be prepared to get WET at The Water Tower on Wednesday, July 3, from 7-8:30 p.m. at Arlo Williamsburg for DRENCHED! Your hosts Caroline Baniewicz (Barstool...",https://www.yelp.com/events/brooklyn-drenched-the-water-tower-9?adjust_creative=vaXd63wEr8RrzPKFIuH35Q&utm_campaign=yelp_api_v3&utm_medium=api_v3_event_search&utm_source=vaXd63wEr8RrzPKFIuH35Q,https://s3-media1.fl.yelpcdn.com/ephoto/OmBcV3lcWBy5FykLQTFF5A/o.jpg,False,2024-07-03T19:00:00-04:00,2024-07-03T20:30:00-04:00,1,0,False,False
Drenched @ The Water Tower,96 Wythe Ave,Brooklyn,NY,11249,40.7216011,-73.9588991,nightlife,"Be prepared to get WET at The Water Tower on Wednesday, July 10, from 7-8:30 p.m. at Arlo Williamsburg for DRENCHED! Your hosts Caroline Baniewicz (Barstool...",https://www.yelp.com/events/brooklyn-drenched-the-water-tower-10?adjust_creative=vaXd63wEr8RrzPKFIuH35Q&utm_campaign=yelp_api_v3&utm_medium=api_v3_event_search&utm_source=vaXd63wEr8RrzPKFIuH35Q,https://s3-media1.fl.yelpcdn.com/ephoto/Ac9BZSGGkqIwj3-hOERgAQ/o.jpg,False,2024-07-10T19:00:00-04:00,2024-07-10T20:30:00-04:00,1,0,False,False
Drenched @ The Water Tower,96 Wythe Ave,Brooklyn,NY,11249,40.7216011,-73.9588991,nightlife,"Be prepared to get WET at The Water Tower on Wednesday, July 17, from 7-8:30 p.m. at Arlo Williamsburg for DRENCHED! Your hosts Caroline Baniewicz (Barstool...",https://www.yelp.com/events/brooklyn-drenched-the-water-tower-11?adjust_creative=vaXd63wEr8RrzPKFIuH35Q&utm_campaign=yelp_api_v3&utm_medium=api_v3_event_search&utm_source=vaXd63wEr8RrzPKFIuH35Q,https://s3-media3.fl.yelpcdn.com/ephoto/-6WjOHyKdIxvUa0eaXRtLA/o.jpg,False,2024-07-17T19:00:00-04:00,2024-07-17T20:30:00-04:00,1,0,False,False
Drenched @ The Water Tower,96 Wythe Ave,Brooklyn,NY,11249,40.7216011,-73.9588991,nightlife,"Be prepared to get WET at The Water Tower on Wednesday, July 24, from 7-8:30 p.m. at Arlo Williamsburg for DRENCHED! Your hosts Caroline Baniewicz (Barstool...",https://www.yelp.com/events/brooklyn-drenched-the-water-tower-12?adjust_creative=vaXd63wEr8RrzPKFIuH35Q&utm_campaign=yelp_api_v3&utm_medium=api_v3_event_search&utm_source=vaXd63wEr8RrzPKFIuH35Q,https://s3-media3.fl.yelpcdn.com/ephoto/hW3q6xBsgkoPPBOlCenydg/o.jpg,False,2024-07-24T19:00:00-04:00,2024-07-24T20:30:00-04:00,1,0,False,False
Drenched @ The Water Tower,96 Wythe Ave,Brooklyn,NY,11249,40.7216011,-73.9588991,nightlife,"Be prepared to get WET at The Water Tower on Wednesday, July 31, from 7-8:30 p.m. at Arlo Williamsburg for DRENCHED! Your hosts Caroline Baniewicz (Barstool...",https://www.yelp.com/events/brooklyn-drenched-the-water-tower-13?adjust_creative=vaXd63wEr8RrzPKFIuH35Q&utm_campaign=yelp_api_v3&utm_medium=api_v3_event_search&utm_source=vaXd63wEr8RrzPKFIuH35Q,https://s3-media3.fl.yelpcdn.com/ephoto/38OhbP-njIImW7JOpR8Ldg/o.jpg,False,2024-07-31T19:00:00-04:00,2024-07-31T20:30:00-04:00,1,0,False,False
Heller Bassoon Ensemble Presents Three World Premieres,169 Bowery,New York,NY,10002,40.7198478,-73.9937108,music,Renowned bassoonist Rebekah Heller will be accompanied by 10 of the world's most impressive bassoonists for a one-night-only event that features three world...,https://www.yelp.com/events/new-york-heller-bassoon-ensemble-presents-three-world-premieres?adjust_creative=vaXd63wEr8RrzPKFIuH35Q&utm_campaign=yelp_api_v3&utm_medium=api_v3_event_search&utm_source=vaXd63wEr8RrzPKFIuH35Q,https://s3-media1.fl.yelpcdn.com/ephoto/E2k5s_TeVN1Mb2xMeCZxaQ/o.jpg,False,2024-06-08T19:30:00-04:00,,1,0,False,False
July4th.com Presents the Ultimate Independence Day Fireworks Party Aboard the Hornblower Infinity!,78 South St,New York,NY,10038,40.7047376,-74.00341150000001,nightlife,Celebrate Independence Day with stunning views of the Macy's Fireworks show aboard the Hornblower Infinity for a can't-miss party hosted by July4th.com....,https://www.yelp.com/events/new-york-july4th-com-presents-the-ultimate-independence-day-fireworks-party-aboard-the-hornblower-infinity?adjust_creative=vaXd63wEr8RrzPKFIuH35Q&utm_campaign=yelp_api_v3&utm_medium=api_v3_event_search&utm_source=vaXd63wEr8RrzPKFIuH35Q,https://s3-media3.fl.yelpcdn.com/ephoto/CD1VFkxNCVbb05mjDPybbQ/o.jpg,False,2024-07-04T18:30:00-04:00,,1,0,False,False
Enjoy Grand Views of the July 4th Fireworks Aboard the Liberty Belle,299 South St,New York,NY,10002,40.7098278392299,-73.9853025502194,kids-family,Experience up-close views of the world-famous Macy's Fireworks with the entire family aboard the exclusive Liberty Belle party boat celebration hosted by...,https://www.yelp.com/events/new-york-enjoy-grand-views-of-the-july-4th-fireworks-aboard-the-liberty-belle?adjust_creative=vaXd63wEr8RrzPKFIuH35Q&utm_campaign=yelp_api_v3&utm_medium=api_v3_event_search&utm_source=vaXd63wEr8RrzPKFIuH35Q,https://s3-media1.fl.yelpcdn.com/ephoto/rlnkrHq4rBuw1mSiprNpHg/o.jpg,False,2024-07-04T18:30:00-04:00,,1,0,False,False
Drag Bingo with Sparkle Monster,105 West 28th Street,New York,NY,10001,40.7464653,-73.9909617,performing-arts,"Join us for an unforgettable evening of Drag Bingo with Sparkle Monster! Get ready for a night filled with laughter, fabulous performances, and exciting...",https://www.yelp.com/events/new-york-drag-bingo-with-sparkle-monster-14?adjust_creative=vaXd63wEr8RrzPKFIuH35Q&utm_campaign=yelp_api_v3&utm_medium=api_v3_event_search&utm_source=vaXd63wEr8RrzPKFIuH35Q,https://s3-media4.fl.yelpcdn.com/ephoto/qrU1YnjK-u5SKestxEfSCA/o.jpg,True,2024-06-10T21:00:00-04:00,,1,0,False,False
Fresh Towels: A Comedy Show!,112 E 11th St,New York,NY,10003,40.731601,-73.989509,performing-arts,"We're opening up Suite Jane for an incredible comedy show featuring some of NYC's top comedic talents. Host Mark ""Jiggy"" Jigarjian is bringing the talent...",https://www.yelp.com/events/new-york-fresh-towels-a-comedy-show-15?adjust_creative=vaXd63wEr8RrzPKFIuH35Q&utm_campaign=yelp_api_v3&utm_medium=api_v3_event_search&utm_source=vaXd63wEr8RrzPKFIuH35Q,https://s3-media2.fl.yelpcdn.com/ephoto/F9d-6DWif1JBVJ2m-Eo4DQ/o.jpg,False,2024-06-12T20:00:00-04:00,2024-06-12T22:00:00-04:00,1,0,False,False
Rent Controlled Pride Comedy Show,145 Bowery,New York,NY,10002,40.71895689999999,-73.9944117,performing-arts,Support queer comedians and join us for a special night of laughs! Free for hotel guests showing key card.,https://www.yelp.com/events/new-york-rent-controlled-pride-comedy-show?adjust_creative=vaXd63wEr8RrzPKFIuH35Q&utm_campaign=yelp_api_v3&utm_medium=api_v3_event_search&utm_source=vaXd63wEr8RrzPKFIuH35Q,https://s3-media4.fl.yelpcdn.com/ephoto/28LtswBZphrZ_8SQxzqHDQ/o.jpg,False,2024-06-20T20:00:00-04:00,,1,0,False,False
Voguing with Father DayDay of the House of Juicy,145 Bowery,New York,NY,10002,40.71895689999999,-73.9944117,performing-arts,"Join us for a night of VOGUE with Father DayDay
of the House of Juicy Couture, winner of season
3 of Legendary on HBO max! All levels welcome,
focusing on...",https://www.yelp.com/events/new-york-voguing-with-father-dayday-of-the-house-of-juicy?adjust_creative=vaXd63wEr8RrzPKFIuH35Q&utm_campaign=yelp_api_v3&utm_medium=api_v3_event_search&utm_source=vaXd63wEr8RrzPKFIuH35Q,https://s3-media1.fl.yelpcdn.com/ephoto/nMSK-tSV6AQFtNZzSsLg1Q/o.jpg,False,2024-06-21T17:00:00-04:00,2024-06-21T20:00:00-04:00,1,0,False,False
Shag with Pride: Trans Pleasure Workshop and Social,353 Bedford Ave,Brooklyn,NY,11211,40.7116901,-73.9628766,nightlife,"Come for the workshop, stay for the social. Enjoy drink specials, a pop-
up shop, and a beautiful garden patio perfect for mixing and mingling.
Free for...",https://www.yelp.com/events/brooklyn-shag-with-pride-trans-pleasure-workshop-and-social?adjust_creative=vaXd63wEr8RrzPKFIuH35Q&utm_campaign=yelp_api_v3&utm_medium=api_v3_event_search&utm_source=vaXd63wEr8RrzPKFIuH35Q,https://s3-media3.fl.yelpcdn.com/ephoto/r0LPd-_f5XBVbmKNbJv8dQ/o.jpg,False,2024-06-06T19:00:00-04:00,2024-06-06T21:00:00-04:00,1,0,False,False
Friend of Flame Speed Dating; Queer Edition,353 Bedford Ave,Brooklyn,NY,11211,40.7116901,-73.9628766,nightlife,"Friend or Flame is partnering with Moxy Brooklyn Williamsburg to present to you a night of smoldering conversation, cocktails to quench your thirst, and...",https://www.yelp.com/events/brooklyn-friend-of-flame-speed-dating-queer-edition?adjust_creative=vaXd63wEr8RrzPKFIuH35Q&utm_campaign=yelp_api_v3&utm_medium=api_v3_event_search&utm_source=vaXd63wEr8RrzPKFIuH35Q,https://s3-media2.fl.yelpcdn.com/ephoto/4JTfv12ukMEgdhanwq7_BA/o.jpg,False,2024-06-18T19:00:00-04:00,2024-06-18T22:00:00-04:00,1,0,False,False
Full Moon Rooftop Yoga and Astrology,353 Bedford Ave,Brooklyn,NY,11211,40.7116901,-73.9628766,sports-active-life,"Join us on the rooftop with yoga and sound bowls by
Whitney Berger and a group astrology wind-down with
Samantha Tatiana on this celestial day of the full...",https://www.yelp.com/events/brooklyn-full-moon-rooftop-yoga-and-astrology?adjust_creative=vaXd63wEr8RrzPKFIuH35Q&utm_campaign=yelp_api_v3&utm_medium=api_v3_event_search&utm_source=vaXd63wEr8RrzPKFIuH35Q,https://s3-media4.fl.yelpcdn.com/ephoto/Fb7wDHCdBhjLPQY_EsyVgQ/o.jpg,False,2024-06-21T10:00:00-04:00,2024-06-21T12:30:00-04:00,1,0,False,False
Heat: A Queer Rooftop Experience,353 Bedford Ave,Brooklyn,NY,11211,40.7116901,-73.9628766,nightlife,"The Pride festivities continue with a fun-filled sunset party
hosted by Atomic Annie, Paloma, and Vidana and special
appearance by Daya Betty. Free for...",https://www.yelp.com/events/brooklyn-heat-a-queer-rooftop-experience?adjust_creative=vaXd63wEr8RrzPKFIuH35Q&utm_campaign=yelp_api_v3&utm_medium=api_v3_event_search&utm_source=vaXd63wEr8RrzPKFIuH35Q,https://s3-media2.fl.yelpcdn.com/ephoto/gDDjou22qz8UKNy8jUhCaA/o.jpg,False,2024-06-27T19:00:00-04:00,2024-06-27T22:00:00-04:00,1,0,False,False
