name,description,event_site_url,time_start,time_end,is_free,location,city,latitude,longitude,image_url
Yelp Inaugural Ball 2009 -- Sorry Guest List Is Closed!,"RSVPs are now CLOSED for this event. If you've already RSVPed, confirmations will be sent out by Friday, 1/16!!...",https://www.yelp.com/events/new-york-yelp-inaugural-ball-2009-sorry-guest-list-is-closed?adjust_creative=vaXd63wEr8RrzPKFIuH35Q&utm_campaign=yelp_api_v3&utm_medium=api_v3_event_search&utm_source=vaXd63wEr8RrzPKFIuH35Q,2009-01-20T20:00:00-05:00,,True,90 Madison Ave,New York,40.7444166,-73.9854243,https://s3-media2.fl.yelpcdn.com/ephoto/lTHP7OkI00-sQjOON3_NTQ/o.jpg
Yelp's A Beach - Guest List Now Closed.,*** The guest list is now CLOSED for this event *** Confirmation emails will be sent out today. If you DO NOT receive your confirmation by Thursday at noon...,https://www.yelp.com/events/long-island-city-yelps-a-beach-guest-list-now-closed?adjust_creative=vaXd63wEr8RrzPKFIuH35Q&utm_campaign=yelp_api_v3&utm_medium=api_v3_event_search&utm_source=vaXd63wEr8RrzPKFIuH35Q,2009-08-15T17:00:00-04:00,2009-08-15T19:00:00-04:00,True,2 Borden Ave,Long Island City,40.742072,-73.9585106,https://s3-media1.fl.yelpcdn.com/ephoto/IhkKzu-FsNqEM7PzGv2UkQ/o.jpg
The Yelp Snow Ball!,**** This event is completely FULL and we are not accepting any more RSVPs. If you have not received an confirmation email from ny@yelp.com then you are not...,https://www.yelp.com/events/new-york-the-yelp-snow-ball?adjust_creative=vaXd63wEr8RrzPKFIuH35Q&utm_campaign=yelp_api_v3&utm_medium=api_v3_event_search&utm_source=vaXd63wEr8RrzPKFIuH35Q,2010-12-09T19:00:00-05:00,2010-12-09T21:00:00-05:00,True,68 Lexington Ave,New York,40.7411719626698,-73.983743924077,https://s3-media3.fl.yelpcdn.com/ephoto/j04iTs8qSV7fDF-QmBXgrQ/o.jpg
Yelp Drinks Week!,"** Monday, April 4th - Sunday, April 10th, 2011 **

Who's up for city-wide happy hour?!?

New Yorkers love unwinding with a cold beer, glass of wine or a...",https://www.yelp.com/events/new-york-yelp-drinks-week?adjust_creative=vaXd63wEr8RrzPKFIuH35Q&utm_campaign=yelp_api_v3&utm_medium=api_v3_event_search&utm_source=vaXd63wEr8RrzPKFIuH35Q,2011-04-10T12:00:00-04:00,,True,,New York,40.71424,-74.00642,https://s3-media2.fl.yelpcdn.com/ephoto/m_ATlFV969xy1y2J0WsRdg/o.jpg
Yelp's Giftacular Holiday Market,Black Friday is so blas√©. We know you all have pledged to shop local (http://www.yelp.com/events/new-york-take-the-yelp-shops-local-pledge) this holiday...,https://www.yelp.com/events/new-york-yelps-giftacular-holiday-market?adjust_creative=vaXd63wEr8RrzPKFIuH35Q&utm_campaign=yelp_api_v3&utm_medium=api_v3_event_search&utm_source=vaXd63wEr8RrzPKFIuH35Q,2011-12-17T12:00:00-05:00,2011-12-18T18:00:00-05:00,True,82 Mercer St,New York,40.7227542794559,-74.0000331401825,https://s3-media1.fl.yelpcdn.com/ephoto/nYnfMwx2ug032Uio0BDndg/o.jpg
Yelp Drinks 2012!,"Who's up for a city-wide happy hour at some of the best bars in the five boroughs?!

Yelp is bringing you the 2nd edition of YELP DRINKS NYC, a city-wide...",https://www.yelp.com/events/new-york-yelp-drinks-2012?adjust_creative=vaXd63wEr8RrzPKFIuH35Q&utm_campaign=yelp_api_v3&utm_medium=api_v3_event_search&utm_source=vaXd63wEr8RrzPKFIuH35Q,2012-02-27T12:00:00-05:00,2012-03-04T23:30:00-05:00,False,,New York,40.71424,-74.00642,https://s3-media4.fl.yelpcdn.com/ephoto/-PxYcChdJ407f7ENWkH4AQ/o.jpg
Summerfest!,"***We're so sorry but due to high demand, RSVPs ARE NOW CLOSED and confirmation e-mails have been sent out. 

***If you have not received an e-mail with the...",https://www.yelp.com/events/brooklyn-summerfest?adjust_creative=vaXd63wEr8RrzPKFIuH35Q&utm_campaign=yelp_api_v3&utm_medium=api_v3_event_search&utm_source=vaXd63wEr8RrzPKFIuH35Q,2012-06-21T20:00:00-04:00,2012-06-22T22:00:00-04:00,True,260 Conover St,Brooklyn,40.6768460650472,-74.0193804687264,https://s3-media2.fl.yelpcdn.com/ephoto/Hun_gFR-c-rXX4jNFSDUaw/o.jpg
Jersey City: Yelp's Passport To Paulus Hook Kick Off Party!!,Jersey City is filled with high rises. Enter in Madox. Green living at it's finest. This luxury living is at your finger tips at least from 3-5 pm on...,https://www.yelp.com/events/jersey-city-jersey-city-yelps-passport-to-paulus-hook-kick-off-party?adjust_creative=vaXd63wEr8RrzPKFIuH35Q&utm_campaign=yelp_api_v3&utm_medium=api_v3_event_search&utm_source=vaXd63wEr8RrzPKFIuH35Q,2013-06-01T15:00:00-04:00,2013-06-01T17:00:00-04:00,True,198 Van Vorst St,Jersey City,40.7139659915286,-74.0410226583481,https://s3-media2.fl.yelpcdn.com/ephoto/kPF8mWv3O-3nSJL3y-klsQ/o.jpg
Yelp Helps Kickoff: Throwback Thursday!,"To kick off our season of Yelp Helps, we're inviting everyone out to our official kickoff party at the gorgeous Green Building! To make sure everyone can...",https://www.yelp.com/events/brooklyn-yelp-helps-kickoff-throwback-thursday?adjust_creative=vaXd63wEr8RrzPKFIuH35Q&utm_campaign=yelp_api_v3&utm_medium=api_v3_event_search&utm_source=vaXd63wEr8RrzPKFIuH35Q,2013-08-08T20:00:00-04:00,2013-08-08T22:00:00-04:00,False,452 Union St,Brooklyn,40.6797431837895,-73.9895328306885,https://s3-media2.fl.yelpcdn.com/ephoto/1C9gx4-eiweNq-TxqXMkqw/o.jpg
Yelp's Holiday Hangover Extravaganza!,If the most wonderful time of the year has left you depressed and missing an eye... it may be time for an intervention. Set sail along the Hudson for one...,https://www.yelp.com/events/new-york-yelps-holiday-hangover-extravaganza?adjust_creative=vaXd63wEr8RrzPKFIuH35Q&utm_campaign=yelp_api_v3&utm_medium=api_v3_event_search&utm_source=vaXd63wEr8RrzPKFIuH35Q,2013-01-13T18:00:00-05:00,,True,353 W St,New York,40.7288194,-74.01220490000001,https://s3-media3.fl.yelpcdn.com/ephoto/lC7GQ8CYduEE35MB5FOJEg/o.jpg
The Yelp 100 Challenge: NYC Edition!,"You read 'em, you probably write 'em and now, we're gonna use 'em to show NYC (Manhattan, Queens, Brooklyn, etc.) is the Yelpingest City in the...",https://www.yelp.com/events/new-york-the-yelp-100-challenge-nyc-edition?adjust_creative=vaXd63wEr8RrzPKFIuH35Q&utm_campaign=yelp_api_v3&utm_medium=api_v3_event_search&utm_source=vaXd63wEr8RrzPKFIuH35Q,2013-03-03T00:00:00-05:00,2013-05-01T23:30:00-04:00,True,,New York,40.71424,-74.00642,https://s3-media1.fl.yelpcdn.com/ephoto/UKlRuFPxaEH8o784G9Eskg/o.jpg
Yelp Drinks 2013!,"It's baaaack...

Who's up for a week-long happy hour at some of the best bars in the five boroughs?!

Yelp is bringing you the 3rd edition of YELP DRINKS...",https://www.yelp.com/events/new-york-yelp-drinks-2013?adjust_creative=vaXd63wEr8RrzPKFIuH35Q&utm_campaign=yelp_api_v3&utm_medium=api_v3_event_search&utm_source=vaXd63wEr8RrzPKFIuH35Q,2013-02-18T12:00:00-05:00,2013-02-24T23:30:00-05:00,False,,New York,40.71424,-74.00642,https://s3-media2.fl.yelpcdn.com/ephoto/56Y__3lMsc_i1bwc9ML92A/o.jpg
Yelp's Bucket List 2013!,"What is Yelp's Bucket List? Simple: an essential list of the 100 best eats, drinks, sights, and sees around NYC (and NJ!) for the entire year of 2013. Think...",https://www.yelp.com/events/new-york-yelps-bucket-list-2013?adjust_creative=vaXd63wEr8RrzPKFIuH35Q&utm_campaign=yelp_api_v3&utm_medium=api_v3_event_search&utm_source=vaXd63wEr8RrzPKFIuH35Q,2013-05-30T23:00:00-04:00,,False,,New York,40.71424,-74.00642,https://s3-media1.fl.yelpcdn.com/ephoto/0U1N75Swm_cjkuaJmEpMbQ/o.jpg
Yelp Helps Manhattan,"**RSVPs open on Tuesday, September 10th at 10:00pm** 

In the immortal words of Swedish House Mafia, ""Who's Gonna Save The World Tonight?"" 

Ever wanted to...",https://www.yelp.com/events/new-york-yelp-helps-manhattan?adjust_creative=vaXd63wEr8RrzPKFIuH35Q&utm_campaign=yelp_api_v3&utm_medium=api_v3_event_search&utm_source=vaXd63wEr8RrzPKFIuH35Q,2013-09-24T19:00:00-04:00,2013-09-25T21:00:00-04:00,True,235 W 23rd St,New York,40.7447785,-73.9967713,https://s3-media3.fl.yelpcdn.com/ephoto/1KwUUDDMd5BN5pfztLqwtA/o.jpg
Yelp's Holiday Hangover | Hornblower Infinity,"***NOTE: RSVPs ON THIS PAGE ARE FOR HORNBLOWER'S INFINITY YACHT ONLY***

WHAT: Yelp's Holiday Hangover aboard Hornblower's Infinity + Hybrid yachts....",https://www.yelp.com/events/new-york-yelps-holiday-hangover-hornblower-infinity?adjust_creative=vaXd63wEr8RrzPKFIuH35Q&utm_campaign=yelp_api_v3&utm_medium=api_v3_event_search&utm_source=vaXd63wEr8RrzPKFIuH35Q,2014-01-19T18:00:00-05:00,2014-01-19T21:00:00-05:00,True,353 West St,New York,40.7292041226103,-74.0111571296692,https://s3-media2.fl.yelpcdn.com/ephoto/HRrYNwwjN3GvmoNPOTEtxw/o.jpg
Yelp's Holiday Hangover | Hornblower Hybrid,"***NOTE: RSVPs ON THIS PAGE ARE FOR HORNBLOWER'S HYBRID YACHT ONLY***

WHAT: Yelp's Holiday Hangover aboard Hornblower's Infinity + Hybrid yachts. Presented...",https://www.yelp.com/events/new-york-yelps-holiday-hangover-hornblower-hybrid?adjust_creative=vaXd63wEr8RrzPKFIuH35Q&utm_campaign=yelp_api_v3&utm_medium=api_v3_event_search&utm_source=vaXd63wEr8RrzPKFIuH35Q,2014-01-19T18:00:00-05:00,2014-01-19T21:00:00-05:00,True,78 S St,New York,40.7048406,-74.003525,https://s3-media2.fl.yelpcdn.com/ephoto/cb2PsvUg5nw-pi3tjegbUQ/o.jpg
Yelp's Holiday Hangover 2014!,"WHAT: Yelp's Holiday Hangover aboard Hornblower's Infinity + Hybrid yachts. Presented by Campari America and Lagunitas Brewing Company, expect 378 feet of...",https://www.yelp.com/events/new-york-yelps-holiday-hangover-2014?adjust_creative=vaXd63wEr8RrzPKFIuH35Q&utm_campaign=yelp_api_v3&utm_medium=api_v3_event_search&utm_source=vaXd63wEr8RrzPKFIuH35Q,2014-01-19T18:00:00-05:00,2014-01-19T21:00:00-05:00,True,353 W St,New York,40.7288194,-74.01220490000001,https://s3-media1.fl.yelpcdn.com/ephoto/KvhQbKprjzrja3pRqsW3QA/o.jpg
Japanese Restaurant Week! February 17th - March 16th It's Sushi Time!,"Japanese Restaurant Week 2014

February 17th - March 16th

Japanese Restaurant Week from February 17 - March 16 brings together various Manhattan...",https://www.yelp.com/events/new-york-japanese-restaurant-week-february-17th-march-16th-its-sushi-time?adjust_creative=vaXd63wEr8RrzPKFIuH35Q&utm_campaign=yelp_api_v3&utm_medium=api_v3_event_search&utm_source=vaXd63wEr8RrzPKFIuH35Q,2014-02-17T00:00:00-05:00,2014-03-16T23:30:00-04:00,True,,New York,40.71424,-74.00642,https://s3-media2.fl.yelpcdn.com/ephoto/ll3TXjet7RJzqr7-pJNiKg/o.jpg
2014 Yelp Drinks Manhattan,"Hello, Spring? Are you there? 

Winter is on its way out (hopefully), so let's kick off some warmer weather (again, hopefully) with a weeklong happy hour...",https://www.yelp.com/events/new-york-2014-yelp-drinks-manhattan?adjust_creative=vaXd63wEr8RrzPKFIuH35Q&utm_campaign=yelp_api_v3&utm_medium=api_v3_event_search&utm_source=vaXd63wEr8RrzPKFIuH35Q,2014-03-31T12:00:00-04:00,2014-04-06T23:30:00-04:00,False,,New York,40.7250632,-73.9976946,https://s3-media3.fl.yelpcdn.com/ephoto/anX10QMbDvpE8-Rd_TT3mw/o.jpg
Yelp's 10th Burstday!,"***We're so sorry but due to high demand, RSVPs ARE NOW CLOSED, and confirmations have been sent out.***

If you did not receive an e-mail with the subject...",https://www.yelp.com/events/new-york-yelps-10th-burstday?adjust_creative=vaXd63wEr8RrzPKFIuH35Q&utm_campaign=yelp_api_v3&utm_medium=api_v3_event_search&utm_source=vaXd63wEr8RrzPKFIuH35Q,2014-07-08T19:30:00-04:00,2014-07-08T22:00:00-04:00,True,"Pier 16, South Street Seaport",New York,40.7059223089696,-74.0022082656982,https://s3-media3.fl.yelpcdn.com/ephoto/D4SvY7jXeKUJaZEyUug-aA/o.jpg
Yelp's Holiday Hangover 2015,"#YelpHH2015

It's January in New York City which can mean just one thing... it's Holiday Hangover time with our friends at Hornblower NY...",https://www.yelp.com/events/new-york-yelps-holiday-hangover-2015?adjust_creative=vaXd63wEr8RrzPKFIuH35Q&utm_campaign=yelp_api_v3&utm_medium=api_v3_event_search&utm_source=vaXd63wEr8RrzPKFIuH35Q,2015-01-25T18:00:00-05:00,2015-01-25T21:00:00-05:00,True,353 W St,New York,40.7288194,-74.01220490000001,https://s3-media3.fl.yelpcdn.com/ephoto/rTT660VtBhEkwsHJww24PA/o.jpg
Yelp's 49 Things To Do In 2015,"What the heck is this? Simple: an essential list of at least one Yelp-approved activity to accomplish every week throughout 2015. With drinks, sights,...",https://www.yelp.com/events/manhattan-yelps-49-things-to-do-in-2015?adjust_creative=vaXd63wEr8RrzPKFIuH35Q&utm_campaign=yelp_api_v3&utm_medium=api_v3_event_search&utm_source=vaXd63wEr8RrzPKFIuH35Q,2015-12-21T06:30:00-05:00,2015-12-31T23:30:00-05:00,True,,Manhattan,40.7388319,-73.9815337,https://s3-media4.fl.yelpcdn.com/ephoto/0UIuzxfJzpuXG47Cbi_sFw/o.jpg
Yelp's 11th Burstday!,"***We're so sorry but due to high demand, RSVPs ARE NOW CLOSED, and confirmations have been sent out.***

If you did not receive an e-mail with the subject...",https://www.yelp.com/events/new-york-yelps-11th-burstday?adjust_creative=vaXd63wEr8RrzPKFIuH35Q&utm_campaign=yelp_api_v3&utm_medium=api_v3_event_search&utm_source=vaXd63wEr8RrzPKFIuH35Q,2015-07-15T19:30:00-04:00,2015-07-15T22:00:00-04:00,True,Pier 16,New York,40.7058470820137,-74.0019997195434,https://s3-media1.fl.yelpcdn.com/ephoto/eAh6I0dz9ldDXe57XYSZjg/o.jpg
The Museum of Feelings,"November 24th -- December 15th 

Monday -- Saturday: 11am -- 9pm 
Sunday: 11am -- 7pm 

Address
230 Vesey Street, New York, NY 10080 

Getting Here
The...",https://www.yelp.com/events/new-york-the-museum-of-feelings?adjust_creative=vaXd63wEr8RrzPKFIuH35Q&utm_campaign=yelp_api_v3&utm_medium=api_v3_event_search&utm_source=vaXd63wEr8RrzPKFIuH35Q,2015-11-24T11:00:00-05:00,2015-12-15T21:00:00-05:00,True,230 Vesey St,New York,40.713047,-74.015486,https://s3-media2.fl.yelpcdn.com/ephoto/73-2qrxr7iIAe89qJcackQ/o.jpg
Yelp's Holiday Hangover 2016,"#YelpHH16

It's Holiday Hangover time once again with our friends at Hornblower NY (hornblowerny.com)! Presented by Campari America and Bronx Brewery, our...",https://www.yelp.com/events/new-york-yelps-holiday-hangover-2016?adjust_creative=vaXd63wEr8RrzPKFIuH35Q&utm_campaign=yelp_api_v3&utm_medium=api_v3_event_search&utm_source=vaXd63wEr8RrzPKFIuH35Q,2016-02-06T18:00:00-05:00,2016-02-06T21:00:00-05:00,False,353 W St,New York,40.7288194,-74.01220490000001,https://s3-media4.fl.yelpcdn.com/ephoto/8sVqbVWu196WwIAtwie8qQ/o.jpg
Yelp's 12th Burstday Cruise!,"***We're so sorry but due to high demand, RSVPs ARE NOW CLOSED, and confirmations have been sent out.***

If your account settings allow e-mail from Yelp...",https://www.yelp.com/events/new-york-yelps-12th-burstday-cruise?adjust_creative=vaXd63wEr8RrzPKFIuH35Q&utm_campaign=yelp_api_v3&utm_medium=api_v3_event_search&utm_source=vaXd63wEr8RrzPKFIuH35Q,2016-07-12T19:30:00-04:00,2016-07-12T22:00:00-04:00,False,South Street Seaport,New York,40.7056832469878,-74.0017905060425,https://s3-media1.fl.yelpcdn.com/ephoto/TZW5Rs7aJRuTNQUGNOL4VQ/o.jpg
"The Museum of Ice Cream ""Pop Up ""","Museum of Ice Cream will pop up in the heart of the Meatpacking District at 100 Gansevoort Street with a lick-able, likeable, shareable ice cream-centric...",https://www.yelp.com/events/new-york-the-museum-of-ice-cream-pop-up?adjust_creative=vaXd63wEr8RrzPKFIuH35Q&utm_campaign=yelp_api_v3&utm_medium=api_v3_event_search&utm_source=vaXd63wEr8RrzPKFIuH35Q,2016-07-29T11:00:00-04:00,2016-08-26T15:00:00-04:00,False,100 Gansevoort St,New York,40.7393869,-74.0099043,https://s3-media1.fl.yelpcdn.com/ephoto/Zv3viiS8ha9qWH9U8sdBLQ/o.jpg
#YelpEatsNYC Live at Ludlow Studios,"We're bringing your #YelpEatsNYC images to life at Ludlow Studios!

To celebrate 10,000 amazing photos posted to #YelpEatsNYC (http://bit.ly/2bW03L4), we're...",https://www.yelp.com/events/new-york-yelpeatsnyc-live-at-ludlow-studios?adjust_creative=vaXd63wEr8RrzPKFIuH35Q&utm_campaign=yelp_api_v3&utm_medium=api_v3_event_search&utm_source=vaXd63wEr8RrzPKFIuH35Q,2016-09-20T17:00:00-04:00,2016-09-20T22:00:00-04:00,True,40 Ludlow St,New York,40.7160987,-73.9900835,https://s3-media4.fl.yelpcdn.com/ephoto/KM_UgLpWJnErfvlsCFrTEQ/o.jpg
Yelp's Holiday Hangover 2017,"#YelpHH17

It's Holiday Hangover time once again with our friends at Hornblower NY (hornblowerny.com)! Presented by Campari America and Coney Island Brewing...",https://www.yelp.com/events/new-york-yelps-holiday-hangover-2017?adjust_creative=vaXd63wEr8RrzPKFIuH35Q&utm_campaign=yelp_api_v3&utm_medium=api_v3_event_search&utm_source=vaXd63wEr8RrzPKFIuH35Q,2017-01-28T18:00:00-05:00,2017-01-28T21:00:00-05:00,True,353 W St,New York,40.7288194,-74.01220490000001,https://s3-media1.fl.yelpcdn.com/ephoto/cw_B5wTEsxgTKukfB1s6XQ/o.jpg
Yelp's International Meals Of Mystery,"WHAT:

Your mission, should you choose to accept it: Yelp's International Meals Of Mystery. 

Join us for a top secret tour of international culinary...",https://www.yelp.com/events/jersey-city-yelps-international-meals-of-mystery?adjust_creative=vaXd63wEr8RrzPKFIuH35Q&utm_campaign=yelp_api_v3&utm_medium=api_v3_event_search&utm_source=vaXd63wEr8RrzPKFIuH35Q,2018-04-02T18:00:00-04:00,2018-05-02T20:00:00-04:00,False,,Jersey City,40.7218318,-74.0447003,https://s3-media3.fl.yelpcdn.com/ephoto/10LFIwJCqoTJlz5Ck08O2Q/o.jpg
The Infinity Mirrors Exhibit NYC,"Two free exhibitions of recent work by Yayoi Kusama are on view across three gallery spaces in New York: ""Festival of Life"" at the David Zwirner Gallery at...",https://www.yelp.com/events/new-york-the-infinity-mirrors-exhibit-nyc?adjust_creative=vaXd63wEr8RrzPKFIuH35Q&utm_campaign=yelp_api_v3&utm_medium=api_v3_event_search&utm_source=vaXd63wEr8RrzPKFIuH35Q,2017-11-15T10:00:00-05:00,2017-12-15T18:00:00-05:00,True,525 W 19th St,New York,40.7458819,-74.007014,https://s3-media1.fl.yelpcdn.com/ephoto/gG1nzCh769nCUjrN3PM35Q/o.jpg
Yelp Elite Squad Event: Rooftop Reds (Postponed Date)!,"***This is an event for Elite Squad members only. To learn more about the Elite Squad, head over to yelp.com/elite or keep reading below!***...",https://www.yelp.com/events/brooklyn-yelp-elite-squad-event-rooftop-reds-postponed-date?adjust_creative=vaXd63wEr8RrzPKFIuH35Q&utm_campaign=yelp_api_v3&utm_medium=api_v3_event_search&utm_source=vaXd63wEr8RrzPKFIuH35Q,2018-06-26T19:00:00-04:00,2018-06-26T21:00:00-04:00,True,299 Sands St,Brooklyn,40.7025733903159,-73.9698984748688,https://s3-media4.fl.yelpcdn.com/ephoto/7oQgQsvgIHJwZGsL-Kxv6Q/o.jpg
Yelp Elite Squad Event: Cocktail Party at Cecconi's,"***This is an event for Elite Squad members only. To learn more about the Elite Squad, head over to yelp.com/elite or keep reading below!***...",https://www.yelp.com/events/brooklyn-yelp-elite-squad-event-cocktail-party-at-cecconis?adjust_creative=vaXd63wEr8RrzPKFIuH35Q&utm_campaign=yelp_api_v3&utm_medium=api_v3_event_search&utm_source=vaXd63wEr8RrzPKFIuH35Q,2019-03-13T19:00:00-04:00,2019-03-13T21:00:00-04:00,True,55 Water St,Brooklyn,40.7033063330116,-73.9916549604523,https://s3-media3.fl.yelpcdn.com/ephoto/CayK9r1sMZEgX-42qZEx0w/o.jpg
Get Groovy at the Harborside Atrium,"Shake your groove thing with us in Jersey City on Friday, 4/26!

Join Yelp North Jersey for a funky fresh evening filled with decadent eats, a groovy band...",https://www.yelp.com/events/jersey-city-get-groovy-at-the-harborside-atrium?adjust_creative=vaXd63wEr8RrzPKFIuH35Q&utm_campaign=yelp_api_v3&utm_medium=api_v3_event_search&utm_source=vaXd63wEr8RrzPKFIuH35Q,2019-04-26T18:30:00-04:00,2019-04-26T21:00:00-04:00,True,1100 Plz Five,Jersey City,40.7249473,-74.0472235,https://s3-media3.fl.yelpcdn.com/ephoto/f2gMXa3cK9zPxQmX9Mvf2Q/o.jpg
"Secret Menu, Presented by Yelp","It's going to be a delicious week, because Yelp's Secret Menu is here!

From August 19 - 23, some of our favorite NYC restaurants will be serving up a...",https://www.yelp.com/events/new-york-secret-menu-presented-by-yelp?adjust_creative=vaXd63wEr8RrzPKFIuH35Q&utm_campaign=yelp_api_v3&utm_medium=api_v3_event_search&utm_source=vaXd63wEr8RrzPKFIuH35Q,2019-08-19T00:00:00-04:00,2019-08-23T23:30:00-04:00,False,,New York,40.713,-74.0072,https://s3-media4.fl.yelpcdn.com/ephoto/oJK5HVZxRuY0QsBnmy8zWA/o.jpg
Yelp's Sweet 16 Presents: Booty Workout w/SHAKTIBARRE,"It's Yelp's 16th Birthday this month! In honor of Yelp's Sweet 16, we're hosting 16 sweet events at 16 incredible local businesses, all across North...",https://www.yelp.com/events/brooklyn-yelps-sweet-16-presents-booty-workout-w-shaktibarre?adjust_creative=vaXd63wEr8RrzPKFIuH35Q&utm_campaign=yelp_api_v3&utm_medium=api_v3_event_search&utm_source=vaXd63wEr8RrzPKFIuH35Q,2020-07-30T17:30:00-04:00,2020-07-30T18:30:00-04:00,True,123 Main St,Brooklyn,40.7025714,-73.99056,https://s3-media4.fl.yelpcdn.com/ephoto/-2QzhW6se7dDelg7-HljYw/o.jpg
Yelp's Vegan Voyage,Yelp's Vegan Voyage is a tantalizing vegan-focused promotion led by the Community team in January and February. We will be featuring - and celebrating with...,https://www.yelp.com/events/new-york-yelps-vegan-voyage?adjust_creative=vaXd63wEr8RrzPKFIuH35Q&utm_campaign=yelp_api_v3&utm_medium=api_v3_event_search&utm_source=vaXd63wEr8RrzPKFIuH35Q,2021-02-05T00:00:00-05:00,2021-02-26T00:00:00-05:00,True,,New York,40.713,-74.0072,https://s3-media3.fl.yelpcdn.com/ephoto/DkZ9VsURe0iopFU5DSHB9A/o.jpg
Get Down in Chinatown,"Yelp NYC Presents, Get Down in Chinatown 

Asian Pacific Islander Heritage Month is from 5/1 - 5/31. Join us in celebrating as we showcase some of the many...",https://www.yelp.com/events/new-york-get-down-in-chinatown?adjust_creative=vaXd63wEr8RrzPKFIuH35Q&utm_campaign=yelp_api_v3&utm_medium=api_v3_event_search&utm_source=vaXd63wEr8RrzPKFIuH35Q,2021-05-01T00:00:00-04:00,2021-05-31T00:00:00-04:00,False,,New York,40.713,-74.0072,https://s3-media4.fl.yelpcdn.com/ephoto/W53sYEjgwtt7Nk45dPLJ7Q/o.jpg
Just Chill with Yelp Manhattan,"Gorgeous gorgeous Yelpers love ice cream. And we're challenging you... how much ice cream can you eat in one week?

Below you'll see five Elite Weeks from...",https://www.yelp.com/events/new-york-just-chill-with-yelp-manhattan?adjust_creative=vaXd63wEr8RrzPKFIuH35Q&utm_campaign=yelp_api_v3&utm_medium=api_v3_event_search&utm_source=vaXd63wEr8RrzPKFIuH35Q,2022-06-13T00:00:00-04:00,2022-06-26T23:30:00-04:00,True,,New York,40.713,-74.0072,https://s3-media1.fl.yelpcdn.com/ephoto/NMgKO9ZDsFYDx54_A3L41A/o.jpg
Community Event: Museum of Ice Cream,Unlimited ice cream? A swimming pool filled with sprinkles? Museum of Ice Cream brings to life the universal power of ice cream by creating experiences that...,https://www.yelp.com/events/new-york-community-event-museum-of-ice-cream?adjust_creative=vaXd63wEr8RrzPKFIuH35Q&utm_campaign=yelp_api_v3&utm_medium=api_v3_event_search&utm_source=vaXd63wEr8RrzPKFIuH35Q,2023-03-30T18:00:00-04:00,2023-03-30T21:00:00-04:00,True,558 Broadway,New York,40.7236214,-73.99756359999999,https://s3-media1.fl.yelpcdn.com/ephoto/UzHWAJjzDTf-0-WUYuGU6A/o.jpg
Community Experience: Kam Hing Coffee Shop,Kam Hing is a Chinatown coffee shop and bakery sells traditional Chinese sweets and drinks like Thai iced tea and Hong Kong-style hot milk tea. It's...,https://www.yelp.com/events/new-york-community-experience-kam-hing-coffee-shop?adjust_creative=vaXd63wEr8RrzPKFIuH35Q&utm_campaign=yelp_api_v3&utm_medium=api_v3_event_search&utm_source=vaXd63wEr8RrzPKFIuH35Q,2023-05-22T07:00:00-04:00,2023-05-31T20:00:00-04:00,True,118 Baxter St,New York,40.71798,-73.99921,https://s3-media3.fl.yelpcdn.com/ephoto/01HwRXQzwkOMe2GY5QdA-g/o.jpg
Community Experience: Tonii's Rice Rolls,"Tonii's Fresh Rice Noodle is both Women-owned and Asian-owned! Liz Yee opened Tonii's October 2019, a branch of their mother shop, New Kam Hing, which is...",https://www.yelp.com/events/new-york-community-experience-toniis-rice-rolls?adjust_creative=vaXd63wEr8RrzPKFIuH35Q&utm_campaign=yelp_api_v3&utm_medium=api_v3_event_search&utm_source=vaXd63wEr8RrzPKFIuH35Q,2023-05-22T08:00:00-04:00,2023-05-31T19:00:00-04:00,True,83 Bayard St,New York,40.7156931,-73.9989119,https://s3-media3.fl.yelpcdn.com/ephoto/byX4Zgg2vfIn3C5Qac91UQ/o.jpg
Community Experience: Kalye,"The name Kalye comes from the Tagalog word for ""street."" They chose this name to reflect their mission of bringing energy and life back into the streets of...",https://www.yelp.com/events/new-york-community-experience-kalye?adjust_creative=vaXd63wEr8RrzPKFIuH35Q&utm_campaign=yelp_api_v3&utm_medium=api_v3_event_search&utm_source=vaXd63wEr8RrzPKFIuH35Q,2023-05-22T11:00:00-04:00,2023-05-31T22:00:00-04:00,True,251 Broome St,New York,40.7179107,-73.9899965,https://s3-media2.fl.yelpcdn.com/ephoto/i74jp-poyQvLaKNWcilfjg/o.jpg
Retro Rollin' Rave at RollerWave,"***RSVP REQUIRED with confirmation sent to those selected to participate.***

Summer is in full swing and what better way to celebrate than at the Retro...",https://www.yelp.com/events/brooklyn-retro-rollin-rave-at-rollerwave?adjust_creative=vaXd63wEr8RrzPKFIuH35Q&utm_campaign=yelp_api_v3&utm_medium=api_v3_event_search&utm_source=vaXd63wEr8RrzPKFIuH35Q,2023-07-25T18:00:00-04:00,2023-07-25T21:00:00-04:00,True,625 Atlantic Ave,Brooklyn,40.6851868,-73.97599050000001,https://s3-media2.fl.yelpcdn.com/ephoto/_LGZb_NL3rsWJmceNRL11A/o.jpg
Belly Full of Brooklyn: Community Week at 7th Street Burger,"***RSVP REQUIRED with confirmation sent to those selected to participate.***

Do you or someone you know love supporting local businesses, trying new spots,...",https://www.yelp.com/events/brooklyn-belly-full-of-brooklyn-community-week-at-7th-street-burger?adjust_creative=vaXd63wEr8RrzPKFIuH35Q&utm_campaign=yelp_api_v3&utm_medium=api_v3_event_search&utm_source=vaXd63wEr8RrzPKFIuH35Q,2023-12-01T00:00:00-05:00,2023-12-07T00:00:00-05:00,True,177 Bedford Ave,Brooklyn,40.7179633,-73.9573664,https://s3-media3.fl.yelpcdn.com/ephoto/4BA4s9TqCJ43gQc8lmgcSQ/o.jpg
Brooklyn Community Week at 7th Street Burger,"Are you someone who loves supporting local businesses, trying new spots, and going on adventures?! If yes, you should apply to be part of the Yelp Elite...",https://www.yelp.com/events/brooklyn-brooklyn-community-week-at-7th-street-burger?adjust_creative=vaXd63wEr8RrzPKFIuH35Q&utm_campaign=yelp_api_v3&utm_medium=api_v3_event_search&utm_source=vaXd63wEr8RrzPKFIuH35Q,2024-02-01T11:00:00-05:00,2024-02-07T00:00:00-05:00,True,400 Jay St,Brooklyn,40.6921618,-73.98759976029396,https://s3-media2.fl.yelpcdn.com/ephoto/VA0aUKMz_LBZxfKsUBaheg/o.jpg
Brooklyn Community Week at 7th Street Burger Park Slope,"Are you someone who loves supporting local businesses, trying new spots, and going on adventures?! If yes, you should apply to be part of the Yelp Elite...",https://www.yelp.com/events/brooklyn-brooklyn-community-week-at-7th-street-burger-park-slope?adjust_creative=vaXd63wEr8RrzPKFIuH35Q&utm_campaign=yelp_api_v3&utm_medium=api_v3_event_search&utm_source=vaXd63wEr8RrzPKFIuH35Q,2024-04-14T12:00:00-04:00,2024-04-20T23:30:00-04:00,True,"291 5th Ave, Brooklyn, NY 11215",Brooklyn,40.6735034,-73.9823557,https://s3-media2.fl.yelpcdn.com/ephoto/ADc3NPSp_uteHChj9TFEAg/o.jpg
Community Week: 7th Street Burger -  NoMad,"7th Street Burger offers classic American smash-burgers for takeout and delivery. Their newest location on Broadway just opened, and they've invited the...",https://www.yelp.com/events/new-york-community-week-7th-street-burger-nomad?adjust_creative=vaXd63wEr8RrzPKFIuH35Q&utm_campaign=yelp_api_v3&utm_medium=api_v3_event_search&utm_source=vaXd63wEr8RrzPKFIuH35Q,2024-05-27T12:00:00-04:00,2024-06-02T22:00:00-04:00,True,1177 Broadway,New York,40.7450959,-73.9890863,https://s3-media3.fl.yelpcdn.com/ephoto/-Dp9keGMbsN4ovCQjmrubw/o.jpg
Community Experience: Taiyaki NYC,"Taiyaki's story begins with part faith, part love, and part luck. With members from numerous Far East cities like Guangzhou, Taiwan, Mandalay, Haiphong, and...",https://www.yelp.com/events/new-york-community-experience-taiyaki-nyc?adjust_creative=vaXd63wEr8RrzPKFIuH35Q&utm_campaign=yelp_api_v3&utm_medium=api_v3_event_search&utm_source=vaXd63wEr8RrzPKFIuH35Q,2024-05-27T12:00:00-04:00,2024-06-09T22:00:00-04:00,True,119 Baxter St,New York,40.7179192,-73.9988701,https://s3-media2.fl.yelpcdn.com/ephoto/nfWHxtG8gwB_Iy3a95Mjiw/o.jpg
Community Week: Tea and Milk - Chelsea Market,"Who: Tea and Milk Chelsea Market

What: 
For this Community Experiences, confirmed Yelpers will be enjoying a complimentary medium boba tea (any flavor and...",https://www.yelp.com/events/new-york-community-week-tea-and-milk-chelsea-market?adjust_creative=vaXd63wEr8RrzPKFIuH35Q&utm_campaign=yelp_api_v3&utm_medium=api_v3_event_search&utm_source=vaXd63wEr8RrzPKFIuH35Q,2024-05-20T11:00:00-04:00,2024-05-26T07:00:00-04:00,True,75 9th Ave Lower Level,New York,40.7424509,-74.0059581,https://s3-media3.fl.yelpcdn.com/ephoto/G_7t5eX1PRg3FH49-V1Xug/o.jpg
